"id","name","unit_price","stock","brand_name"
1,Running Shoes Model 924,292.89,85,GreenLeaf
2,Water Bottle,363.47,237,ElectroVision
3,Coffee Beans 1kg Model 317,652.53,40,HomeEase
4,Desk Chair,941.48,463,FreshFarms
5,Bluetooth Headphones Model 687,267.17,102,TechNova
6,Desk Chair,34.21,46,SprintPro
7,Smartphone,699.38,462,SoundMax
8,Running Shoes,752.89,27,ElectroVision
9,Organic Apple,47.04,191,SoundMax
10,LED TV 42 inch Model 437,159.02,226,BeanBrew
11,Desk Chair Model 162,853.44,274,ComfortSit
12,Smartphone,568.46,178,HomeEase
13,Notebook Model 886,561.94,271,SoundMax
14,Bluetooth Headphones,500.53,276,ComfortSit
15,Desk Chair,493.44,156,BeanBrew
16,Notebook,511.07,165,TechNova
17,Backpack,311.13,335,HomeEase
18,Bluetooth Headphones,614.22,395,SprintPro
19,Organic Apple Model 459,151.22,258,FreshFarms
20,Organic Apple Model 910,684.00,75,BeanBrew
21,Bluetooth Headphones Model 250,678.29,316,TechNova
22,Backpack,583.09,312,HomeEase
23,Running Shoes,634.95,285,ElectroVision
24,Backpack,520.67,216,TechNova
25,Running Shoes Model 557,73.58,484,ComfortSit
26,Notebook,193.74,147,HealthPlus
27,Notebook Model 654,476.86,356,FreshFarms
28,Bluetooth Headphones,643.06,259,ElectroVision
29,Smartphone Model 964,540.90,423,HomeEase
30,Coffee Beans 1kg,675.04,90,SprintPro
31,Smartphone,225.43,253,ComfortSit
32,Desk Chair Model 509,610.03,99,SoundMax
33,Coffee Beans 1kg,936.88,313,SoundMax
34,Bluetooth Headphones,332.76,126,BeanBrew
35,Backpack Model 531,687.12,347,FreshFarms
36,Running Shoes,112.62,498,GreenLeaf
37,Bluetooth Headphones,179.22,205,HomeEase
38,Notebook Model 605,782.16,155,TechNova
39,Organic Apple,717.36,159,HealthPlus
40,Notebook,775.59,306,SoundMax
41,Water Bottle,760.25,400,HealthPlus
42,Smartphone Model 322,278.65,322,TechNova
43,Bluetooth Headphones,823.82,161,ComfortSit
44,Smartphone,973.96,311,ComfortSit
45,Smartphone Model 157,618.47,417,SprintPro
46,Backpack,174.88,474,HomeEase
47,Bluetooth Headphones Model 155,982.16,232,BeanBrew
48,Backpack,945.57,224,FreshFarms
49,Desk Chair,617.63,488,FreshFarms
50,Notebook,554.12,460,BeanBrew
51,Notebook,60.79,22,ElectroVision
52,Bluetooth Headphones,334.36,238,TechNova
53,Organic Apple,713.54,441,HealthPlus
54,Water Bottle Model 630,415.55,29,ComfortSit
55,Smartphone,537.38,267,GreenLeaf
56,Bluetooth Headphones,685.73,297,ComfortSit
57,Smartphone,750.03,113,ElectroVision
58,Notebook,560.16,221,SprintPro
59,Bluetooth Headphones Model 889,105.11,354,SoundMax
60,Running Shoes,836.76,29,HealthPlus
61,Coffee Beans 1kg,816.59,115,SoundMax
62,Coffee Beans 1kg Model 146,34.06,185,FreshFarms
63,Coffee Beans 1kg Model 860,310.63,161,GreenLeaf
64,Running Shoes,813.35,195,BeanBrew
65,Water Bottle,307.71,454,FreshFarms
66,Organic Apple,698.72,275,SprintPro
67,Organic Apple,308.94,246,ComfortSit
68,LED TV 42 inch,575.65,181,HomeEase
69,LED TV 42 inch,488.00,192,ComfortSit
70,Coffee Beans 1kg,127.76,340,SoundMax
71,Running Shoes,89.60,110,TechNova
72,Coffee Beans 1kg,487.50,67,TechNova
73,Running Shoes Model 421,937.38,345,HealthPlus
74,Running Shoes Model 960,965.30,367,HealthPlus
75,Organic Apple Model 955,640.80,36,SoundMax
76,Organic Apple,1.26,254,GreenLeaf
77,Coffee Beans 1kg,349.46,452,TechNova
78,Desk Chair Model 603,957.02,352,GreenLeaf
79,Water Bottle Model 406,7.77,304,BeanBrew
80,LED TV 42 inch,81.02,311,SoundMax
81,LED TV 42 inch Model 319,278.77,46,TechNova
82,Organic Apple Model 181,349.91,104,HealthPlus
83,Bluetooth Headphones Model 371,178.10,277,BeanBrew
84,Bluetooth Headphones,225.08,195,SprintPro
85,Water Bottle,68.25,379,SoundMax
86,Bluetooth Headphones,859.88,115,HomeEase
87,Running Shoes,158.81,259,FreshFarms
88,Organic Apple,406.69,29,ComfortSit
89,Backpack Model 657,599.10,78,SprintPro
90,Bluetooth Headphones,559.59,483,SoundMax
91,Desk Chair,163.35,354,TechNova
92,Smartphone,691.71,118,SoundMax
93,Bluetooth Headphones Model 838,964.49,35,FreshFarms
94,Water Bottle Model 514,774.14,285,TechNova
95,Backpack,83.82,115,GreenLeaf
96,Backpack,279.19,89,BeanBrew
97,Water Bottle Model 682,233.12,126,SoundMax
98,Bluetooth Headphones,670.50,191,ComfortSit
99,Smartphone,728.51,370,SprintPro
100,Smartphone,301.71,449,GreenLeaf
101,Water Bottle Model 498,252.21,493,SoundMax
102,Water Bottle,674.69,240,ElectroVision
103,Coffee Beans 1kg,319.57,370,FreshFarms
104,Notebook,453.26,298,GreenLeaf
105,Notebook,512.79,321,SoundMax
106,Bluetooth Headphones Model 605,952.07,417,ComfortSit
107,Desk Chair,761.87,335,BeanBrew
108,Organic Apple Model 365,417.31,56,ElectroVision
109,LED TV 42 inch Model 587,24.75,87,BeanBrew
110,Desk Chair Model 799,679.32,200,FreshFarms
111,Organic Apple Model 668,803.90,248,FreshFarms
112,Running Shoes,428.21,32,SprintPro
113,Desk Chair,290.81,374,ElectroVision
114,LED TV 42 inch,942.34,94,GreenLeaf
115,Backpack Model 333,74.47,308,ElectroVision
116,Organic Apple Model 569,747.61,331,HealthPlus
117,LED TV 42 inch,120.71,324,GreenLeaf
118,Smartphone Model 907,154.88,84,ElectroVision
119,Bluetooth Headphones,467.96,452,ElectroVision
120,Organic Apple,320.09,147,GreenLeaf
121,Smartphone,862.95,476,BeanBrew
122,Desk Chair,710.56,387,SoundMax
123,Backpack,731.83,79,SoundMax
124,Water Bottle Model 551,47.68,81,ElectroVision
125,Notebook,387.26,374,TechNova
126,LED TV 42 inch,547.37,20,ElectroVision
127,Desk Chair,874.95,328,ComfortSit
128,Notebook,701.45,142,HealthPlus
129,Water Bottle,419.16,235,SprintPro
130,Smartphone,96.68,496,ComfortSit
131,Organic Apple,365.16,69,HealthPlus
132,Notebook,746.13,181,GreenLeaf
133,Smartphone Model 971,695.86,137,FreshFarms
134,Smartphone,497.26,215,ComfortSit
135,LED TV 42 inch Model 941,204.08,220,HealthPlus
136,LED TV 42 inch Model 759,932.17,225,SoundMax
137,LED TV 42 inch Model 292,541.24,101,GreenLeaf
138,Desk Chair,462.46,459,GreenLeaf
139,Backpack Model 107,616.99,335,FreshFarms
140,Desk Chair,545.02,215,SoundMax
141,Coffee Beans 1kg Model 423,204.96,236,TechNova
142,Smartphone,537.71,433,BeanBrew
143,Water Bottle Model 779,849.89,62,TechNova
144,Notebook Model 394,5.75,142,TechNova
145,Water Bottle,540.80,410,SoundMax
146,Bluetooth Headphones,317.73,457,HomeEase
147,Organic Apple,195.70,349,TechNova
148,Coffee Beans 1kg,641.26,435,SprintPro
149,Bluetooth Headphones,732.13,58,HomeEase
150,Desk Chair,171.69,41,HealthPlus
151,Water Bottle Model 996,307.32,414,GreenLeaf
152,Smartphone Model 877,822.01,362,SoundMax
153,LED TV 42 inch Model 848,486.53,462,FreshFarms
154,Running Shoes,74.95,466,TechNova
155,LED TV 42 inch,928.36,388,ComfortSit
156,Desk Chair Model 888,885.20,246,FreshFarms
157,Desk Chair,998.08,103,HealthPlus
158,Desk Chair Model 494,682.97,498,ComfortSit
159,Notebook,55.10,67,SprintPro
160,LED TV 42 inch,455.34,399,SoundMax
161,Desk Chair Model 287,481.85,319,HealthPlus
162,LED TV 42 inch Model 673,311.73,15,SprintPro
163,Bluetooth Headphones,156.70,299,TechNova
164,Smartphone,296.72,442,HealthPlus
165,Coffee Beans 1kg Model 291,851.61,145,TechNova
166,Backpack,762.34,340,BeanBrew
167,Smartphone,418.32,64,FreshFarms
168,Notebook Model 202,797.80,313,HealthPlus
169,Backpack Model 668,795.02,82,BeanBrew
170,Notebook,198.74,92,ElectroVision
171,Desk Chair,3.48,86,BeanBrew
172,Smartphone,584.65,108,TechNova
173,Running Shoes,14.40,95,BeanBrew
174,Organic Apple Model 284,976.28,405,HealthPlus
175,LED TV 42 inch Model 253,884.87,257,HomeEase
176,Water Bottle Model 194,511.92,400,FreshFarms
177,Coffee Beans 1kg,428.62,82,ElectroVision
178,Smartphone,867.80,46,HealthPlus
179,Running Shoes,819.16,12,HomeEase
180,Running Shoes,470.51,407,FreshFarms
181,Smartphone,478.34,194,HealthPlus
182,Smartphone,788.28,28,SprintPro
183,Smartphone,609.28,92,GreenLeaf
184,Coffee Beans 1kg,896.44,28,SoundMax
185,LED TV 42 inch,36.62,371,SoundMax
186,Backpack Model 122,721.37,30,SoundMax
187,Coffee Beans 1kg Model 452,730.56,372,ElectroVision
188,Desk Chair,853.86,0,FreshFarms
189,Organic Apple,417.39,182,ElectroVision
190,Desk Chair,531.74,353,HealthPlus
191,Smartphone,673.76,315,SoundMax
192,Notebook,601.54,461,ComfortSit
193,Running Shoes Model 989,630.68,180,HealthPlus
194,Coffee Beans 1kg,347.58,402,FreshFarms
195,Backpack,746.89,383,SprintPro
196,Coffee Beans 1kg,482.07,410,ComfortSit
197,Notebook,724.14,279,TechNova
198,Smartphone,97.84,76,ComfortSit
199,Bluetooth Headphones Model 716,517.42,169,GreenLeaf
200,Running Shoes,865.32,391,FreshFarms
201,Coffee Beans 1kg,784.96,7,SprintPro
202,Water Bottle,904.92,255,GreenLeaf
203,LED TV 42 inch,287.58,464,ComfortSit
204,Water Bottle,853.13,324,HealthPlus
205,Coffee Beans 1kg Model 684,397.87,456,GreenLeaf
206,Running Shoes,684.50,40,BeanBrew
207,Running Shoes Model 485,627.07,140,HealthPlus
208,Water Bottle,388.11,371,GreenLeaf
209,LED TV 42 inch,978.75,29,BeanBrew
210,LED TV 42 inch,929.40,457,GreenLeaf
211,LED TV 42 inch,828.64,286,TechNova
212,Backpack,683.61,434,BeanBrew
213,Running Shoes,860.77,227,ElectroVision
214,Coffee Beans 1kg Model 893,420.07,151,SprintPro
215,Organic Apple,901.00,323,HealthPlus
216,LED TV 42 inch Model 865,45.96,384,ElectroVision
217,Organic Apple,191.97,232,SoundMax
218,Organic Apple,801.50,381,BeanBrew
219,Running Shoes,65.03,353,HealthPlus
220,Water Bottle,596.15,483,SprintPro
221,Bluetooth Headphones,284.65,93,ComfortSit
222,Notebook,684.59,59,HealthPlus
223,Water Bottle,902.85,163,HealthPlus
224,Notebook,948.11,413,FreshFarms
225,Smartphone Model 433,418.49,143,ComfortSit
226,Desk Chair Model 431,271.43,203,BeanBrew
227,Coffee Beans 1kg,680.69,174,SoundMax
228,Smartphone,613.06,224,HealthPlus
229,LED TV 42 inch,3.45,285,GreenLeaf
230,Smartphone Model 301,133.27,11,HealthPlus
231,Coffee Beans 1kg,337.53,249,GreenLeaf
232,Coffee Beans 1kg,268.67,378,SprintPro
233,Coffee Beans 1kg,726.14,500,ElectroVision
234,Smartphone,855.10,326,SoundMax
235,Bluetooth Headphones,863.86,302,ElectroVision
236,Smartphone,124.89,282,HealthPlus
237,Bluetooth Headphones Model 615,126.00,11,HomeEase
238,Water Bottle,506.41,113,ComfortSit
239,Coffee Beans 1kg Model 712,40.75,226,TechNova
240,Backpack,915.69,466,ElectroVision
241,LED TV 42 inch,275.90,404,HomeEase
242,Smartphone,353.77,199,ElectroVision
243,Smartphone,641.34,184,FreshFarms
244,Coffee Beans 1kg,508.01,312,SoundMax
245,Smartphone,284.40,75,ComfortSit
246,Coffee Beans 1kg Model 576,42.79,372,SprintPro
247,Notebook,370.69,416,FreshFarms
248,Water Bottle Model 340,220.40,297,HomeEase
249,Desk Chair Model 178,568.70,107,FreshFarms
250,Notebook,797.77,359,TechNova
251,Water Bottle,702.61,498,SprintPro
252,Bluetooth Headphones,118.81,14,GreenLeaf
253,Running Shoes Model 586,960.93,447,ComfortSit
254,Coffee Beans 1kg,686.10,145,SprintPro
255,Coffee Beans 1kg Model 589,901.73,376,HomeEase
256,Notebook,600.70,398,SprintPro
257,Desk Chair,946.38,322,ComfortSit
258,Water Bottle,324.39,362,SprintPro
259,Notebook,327.92,250,ElectroVision
260,Notebook Model 140,963.79,354,TechNova
261,LED TV 42 inch,836.54,269,HealthPlus
262,Organic Apple,19.07,496,ElectroVision
263,Organic Apple,358.90,31,HealthPlus
264,Notebook Model 898,690.26,349,SprintPro
265,Backpack Model 828,385.13,183,TechNova
266,Bluetooth Headphones Model 488,120.04,333,HomeEase
267,Bluetooth Headphones,173.22,134,HealthPlus
268,Smartphone,869.76,114,SprintPro
269,Water Bottle,338.68,112,HomeEase
270,Bluetooth Headphones Model 400,790.98,433,FreshFarms
271,Running Shoes,594.81,338,FreshFarms
272,Water Bottle,202.82,130,GreenLeaf
273,Bluetooth Headphones Model 961,584.63,344,ElectroVision
274,Running Shoes Model 393,423.07,330,SoundMax
275,Organic Apple,439.11,351,TechNova
276,Backpack Model 632,361.80,127,GreenLeaf
277,Backpack,817.77,254,GreenLeaf
278,Coffee Beans 1kg Model 481,797.63,83,FreshFarms
279,Notebook Model 814,584.98,373,ElectroVision
280,Running Shoes,454.32,340,FreshFarms
281,Running Shoes,864.83,207,BeanBrew
282,Coffee Beans 1kg Model 364,69.15,70,FreshFarms
283,Bluetooth Headphones,247.98,89,FreshFarms
284,Water Bottle Model 235,407.42,295,TechNova
285,Bluetooth Headphones,598.95,430,SprintPro
286,LED TV 42 inch,330.89,150,ComfortSit
287,Water Bottle Model 952,828.28,473,TechNova
288,Notebook Model 337,860.93,118,TechNova
289,Water Bottle,246.00,208,ElectroVision
290,Running Shoes,51.58,374,HealthPlus
291,Desk Chair,358.73,66,TechNova
292,Desk Chair,772.08,47,HealthPlus
293,Backpack,968.89,44,ElectroVision
294,Desk Chair,774.16,268,HealthPlus
295,Smartphone,673.39,453,FreshFarms
296,LED TV 42 inch,424.96,405,SoundMax
297,Backpack,938.97,142,HomeEase
298,Desk Chair,678.47,335,BeanBrew
299,Bluetooth Headphones,84.29,421,TechNova
300,Desk Chair,255.84,81,TechNova
301,Bluetooth Headphones Model 828,158.60,364,ElectroVision
302,Backpack Model 342,236.45,471,BeanBrew
303,Coffee Beans 1kg,27.19,166,FreshFarms
304,Notebook,723.61,313,SprintPro
305,Running Shoes Model 954,739.49,462,HealthPlus
306,Desk Chair Model 500,255.53,112,ComfortSit
307,Running Shoes,703.26,270,BeanBrew
308,Desk Chair Model 753,136.11,399,HomeEase
309,Desk Chair,723.05,364,HealthPlus
310,Water Bottle Model 299,461.45,92,FreshFarms
311,Notebook,786.18,409,ElectroVision
312,Desk Chair,449.05,236,SprintPro
313,Smartphone,301.86,22,BeanBrew
314,Bluetooth Headphones Model 558,173.57,337,ElectroVision
315,Smartphone,279.12,343,HomeEase
316,Bluetooth Headphones,295.31,383,ElectroVision
317,Running Shoes,791.86,87,HomeEase
318,Notebook,336.78,1,ComfortSit
319,Running Shoes,13.60,100,GreenLeaf
320,Backpack,150.57,4,BeanBrew
321,Coffee Beans 1kg,280.94,454,HealthPlus
322,LED TV 42 inch,433.42,432,TechNova
323,LED TV 42 inch Model 462,949.76,11,ElectroVision
324,Running Shoes Model 966,261.73,318,ElectroVision
325,Notebook,404.89,69,BeanBrew
326,Backpack,316.58,395,SoundMax
327,Desk Chair,917.38,18,SoundMax
328,Running Shoes,836.01,456,HealthPlus
329,Coffee Beans 1kg,142.16,101,ComfortSit
330,Running Shoes,113.48,81,BeanBrew
331,Coffee Beans 1kg,211.40,339,HomeEase
332,Water Bottle,108.35,299,GreenLeaf
333,Water Bottle Model 225,82.16,238,ElectroVision
334,Desk Chair,611.30,153,TechNova
335,Bluetooth Headphones,736.83,133,SoundMax
336,Backpack,707.52,176,SprintPro
337,Backpack,723.07,36,SprintPro
338,Organic Apple,349.95,403,HomeEase
339,Water Bottle,849.64,420,BeanBrew
340,Organic Apple,69.74,49,ComfortSit
341,LED TV 42 inch,664.64,105,FreshFarms
342,Smartphone Model 876,223.74,429,SoundMax
343,Bluetooth Headphones,855.09,270,TechNova
344,Desk Chair Model 328,828.06,382,SprintPro
345,Bluetooth Headphones,767.06,107,FreshFarms
346,Smartphone Model 105,113.77,124,SprintPro
347,LED TV 42 inch,487.83,42,HealthPlus
348,Desk Chair,313.58,443,SoundMax
349,Smartphone Model 152,752.01,436,FreshFarms
350,Organic Apple,610.31,288,HealthPlus
351,Organic Apple,321.65,127,HealthPlus
352,Coffee Beans 1kg,227.34,23,ComfortSit
353,Notebook,269.02,159,TechNova
354,LED TV 42 inch,536.11,400,GreenLeaf
355,Organic Apple,131.73,318,FreshFarms
356,Bluetooth Headphones,990.66,14,ComfortSit
357,Bluetooth Headphones,206.73,109,HealthPlus
358,Notebook Model 551,808.08,318,BeanBrew
359,Notebook,98.43,105,TechNova
360,Running Shoes Model 902,113.85,448,ComfortSit
361,Organic Apple Model 328,831.99,483,ComfortSit
362,Water Bottle Model 515,562.84,390,BeanBrew
363,Running Shoes,508.93,48,SprintPro
364,Notebook Model 952,383.57,335,GreenLeaf
365,Bluetooth Headphones Model 952,162.57,47,SprintPro
366,Coffee Beans 1kg Model 563,838.78,140,HealthPlus
367,Desk Chair Model 946,894.17,99,HealthPlus
368,Notebook,861.75,350,SoundMax
369,Running Shoes,518.98,487,FreshFarms
370,Water Bottle,401.57,198,GreenLeaf
371,Bluetooth Headphones Model 950,224.31,21,SoundMax
372,Organic Apple,474.75,238,HomeEase
373,Water Bottle,797.07,455,ElectroVision
374,Running Shoes Model 977,213.15,15,SprintPro
375,Bluetooth Headphones,221.03,360,SprintPro
376,Notebook,493.93,361,ComfortSit
377,Desk Chair Model 198,549.05,14,TechNova
378,Organic Apple,868.73,258,TechNova
379,Desk Chair,705.74,309,ElectroVision
380,Smartphone,166.25,241,ElectroVision
381,Notebook Model 328,720.49,367,SprintPro
382,LED TV 42 inch,145.19,151,HomeEase
383,Running Shoes Model 616,868.06,139,SoundMax
384,Smartphone,608.09,230,GreenLeaf
385,Desk Chair,131.02,242,ComfortSit
386,Organic Apple Model 628,576.45,240,BeanBrew
387,Running Shoes,919.62,57,ElectroVision
388,LED TV 42 inch,474.08,258,GreenLeaf
389,Smartphone,141.40,44,ComfortSit
390,Smartphone,516.14,367,ComfortSit
391,Smartphone Model 655,489.34,121,HomeEase
392,Desk Chair,854.51,497,GreenLeaf
393,LED TV 42 inch,549.79,52,HealthPlus
394,Coffee Beans 1kg,235.50,110,SoundMax
395,Smartphone,83.61,63,SprintPro
396,Smartphone,511.34,237,BeanBrew
397,Notebook Model 897,411.88,291,FreshFarms
398,Backpack,339.77,349,HomeEase
399,Running Shoes Model 645,745.98,294,FreshFarms
400,LED TV 42 inch Model 677,430.66,393,BeanBrew
401,Backpack,356.22,467,GreenLeaf
402,Bluetooth Headphones Model 422,225.51,321,BeanBrew
403,Bluetooth Headphones Model 254,361.75,101,FreshFarms
404,LED TV 42 inch,596.99,283,HealthPlus
405,LED TV 42 inch,239.86,207,ElectroVision
406,Organic Apple,732.29,451,GreenLeaf
407,Coffee Beans 1kg,21.84,383,GreenLeaf
408,Smartphone,680.29,13,FreshFarms
409,Desk Chair,23.66,436,SoundMax
410,Coffee Beans 1kg,769.30,455,ElectroVision
411,Running Shoes,982.73,133,ElectroVision
412,Organic Apple,731.92,101,GreenLeaf
413,Water Bottle,692.27,180,SoundMax
414,Notebook Model 836,692.65,171,FreshFarms
415,Organic Apple,113.99,310,ElectroVision
416,LED TV 42 inch,291.58,179,HomeEase
417,Smartphone Model 786,632.50,169,GreenLeaf
418,Backpack,93.27,59,HealthPlus
419,LED TV 42 inch,738.45,455,ElectroVision
420,Running Shoes,330.01,69,SoundMax
421,Running Shoes,798.05,280,HealthPlus
422,LED TV 42 inch Model 314,418.55,487,SprintPro
423,Water Bottle,586.13,342,ElectroVision
424,Running Shoes,588.96,136,BeanBrew
425,Desk Chair,591.86,439,BeanBrew
426,Notebook,329.74,309,ElectroVision
427,LED TV 42 inch Model 134,700.43,469,ElectroVision
428,Smartphone,956.24,350,SoundMax
429,Desk Chair,403.35,387,SoundMax
430,Coffee Beans 1kg,392.80,11,ComfortSit
431,Backpack Model 275,330.76,17,TechNova
432,LED TV 42 inch,48.25,474,ComfortSit
433,Water Bottle,280.95,402,HealthPlus
434,LED TV 42 inch,823.75,240,SoundMax
435,Water Bottle,613.16,50,ElectroVision
436,Notebook,754.58,386,SoundMax
437,Coffee Beans 1kg,950.35,346,SprintPro
438,Coffee Beans 1kg,475.27,237,TechNova
439,Backpack,784.70,178,GreenLeaf
440,Coffee Beans 1kg,958.00,111,HomeEase
441,Smartphone Model 938,766.39,281,HealthPlus
442,Organic Apple,906.55,355,ComfortSit
443,Coffee Beans 1kg,341.78,417,BeanBrew
444,Coffee Beans 1kg,691.40,97,SoundMax
445,Organic Apple,365.20,262,HealthPlus
446,Desk Chair,561.42,391,HealthPlus
447,Notebook,30.80,388,SoundMax
448,Water Bottle,847.64,305,HealthPlus
449,Coffee Beans 1kg,42.90,56,SprintPro
450,Running Shoes Model 968,441.40,450,ElectroVision
451,Running Shoes,212.58,361,ComfortSit
452,Coffee Beans 1kg Model 859,82.23,231,SoundMax
453,Bluetooth Headphones,715.07,97,HealthPlus
454,Backpack,815.20,496,HealthPlus
455,Organic Apple Model 450,165.31,22,SoundMax
456,Smartphone Model 327,378.42,134,SoundMax
457,Notebook,191.84,124,ElectroVision
458,Notebook Model 752,550.25,461,SprintPro
459,Notebook,917.13,261,HealthPlus
460,Notebook Model 826,227.43,63,FreshFarms
461,LED TV 42 inch,197.38,242,SprintPro
462,Organic Apple,405.97,211,TechNova
463,Desk Chair,136.37,292,HomeEase
464,Smartphone,352.73,191,HomeEase
465,Backpack,230.83,106,BeanBrew
466,LED TV 42 inch Model 678,325.46,489,TechNova
467,Coffee Beans 1kg,608.10,457,FreshFarms
468,Running Shoes Model 229,678.34,231,BeanBrew
469,Organic Apple Model 318,775.99,279,SprintPro
470,Backpack,750.74,204,SprintPro
471,Organic Apple,580.54,234,TechNova
472,Backpack,325.80,19,SprintPro
473,Bluetooth Headphones,560.44,80,TechNova
474,Notebook,33.09,172,BeanBrew
475,LED TV 42 inch,190.68,239,HomeEase
476,Smartphone,541.77,317,HomeEase
477,Backpack,859.81,124,GreenLeaf
478,Running Shoes,877.60,114,SoundMax
479,Notebook,323.33,151,GreenLeaf
480,Notebook Model 854,868.44,418,TechNova
481,Coffee Beans 1kg Model 688,236.65,367,ComfortSit
482,Notebook,837.49,218,ComfortSit
483,Backpack,306.35,3,ElectroVision
484,Desk Chair,991.05,154,HealthPlus
485,Organic Apple Model 195,755.97,25,TechNova
486,Smartphone,901.74,238,HomeEase
487,Running Shoes,352.08,480,HealthPlus
488,LED TV 42 inch Model 753,438.08,130,BeanBrew
489,Coffee Beans 1kg,131.04,56,GreenLeaf
490,LED TV 42 inch,457.08,463,ElectroVision
491,Backpack,489.76,333,HomeEase
492,Backpack,419.53,110,BeanBrew
493,Running Shoes Model 554,585.25,63,SoundMax
494,LED TV 42 inch,639.29,308,BeanBrew
495,Smartphone Model 877,845.59,257,HealthPlus
496,Coffee Beans 1kg,369.72,89,SprintPro
497,Coffee Beans 1kg Model 897,606.85,54,BeanBrew
498,Backpack,598.50,170,BeanBrew
499,Backpack,322.75,430,TechNova
500,Notebook Model 621,466.85,446,HomeEase
501,Running Shoes,167.72,80,ComfortSit
502,LED TV 42 inch,386.84,207,ElectroVision
503,Water Bottle,296.69,353,HealthPlus
504,Organic Apple,664.27,254,ComfortSit
505,Backpack,736.57,319,FreshFarms
506,Organic Apple,271.03,11,SprintPro
507,Desk Chair,563.13,215,SoundMax
508,Bluetooth Headphones Model 137,671.89,97,HomeEase
509,Notebook,387.72,109,ComfortSit
510,Backpack,878.37,70,HomeEase
511,Running Shoes,849.99,347,HomeEase
512,LED TV 42 inch,547.59,133,BeanBrew
513,Water Bottle Model 460,892.95,490,ElectroVision
514,Running Shoes,531.20,470,SoundMax
515,Organic Apple Model 556,96.88,271,GreenLeaf
516,LED TV 42 inch,510.30,204,SoundMax
517,Water Bottle,709.95,398,FreshFarms
518,Organic Apple,775.41,193,TechNova
519,Backpack,608.70,57,GreenLeaf
520,Desk Chair,643.27,436,TechNova
521,Backpack,872.85,235,TechNova
522,Organic Apple,492.98,81,ComfortSit
523,Desk Chair Model 173,889.16,140,SprintPro
524,Bluetooth Headphones Model 989,922.94,382,HealthPlus
525,Backpack,832.87,162,BeanBrew
526,Coffee Beans 1kg,724.05,98,TechNova
527,Desk Chair Model 341,835.65,353,TechNova
528,Backpack Model 553,536.74,416,HealthPlus
529,Smartphone,799.27,380,HomeEase
530,Running Shoes,821.97,233,BeanBrew
531,Desk Chair,455.82,83,ComfortSit
532,Running Shoes,697.48,58,HealthPlus
533,Smartphone,825.22,202,ComfortSit
534,Running Shoes Model 228,687.93,118,GreenLeaf
535,LED TV 42 inch,648.20,253,FreshFarms
536,Desk Chair Model 920,582.95,123,ComfortSit
537,Bluetooth Headphones,48.59,77,SoundMax
538,Notebook Model 282,708.26,273,SprintPro
539,Smartphone,249.91,244,BeanBrew
540,Running Shoes,868.17,346,BeanBrew
541,LED TV 42 inch,257.25,450,SoundMax
542,Running Shoes,965.18,498,HomeEase
543,Notebook,77.41,427,BeanBrew
544,Smartphone,342.02,208,SoundMax
545,Running Shoes Model 481,658.34,287,FreshFarms
546,Water Bottle,484.46,297,HealthPlus
547,Running Shoes Model 347,918.76,100,SoundMax
548,Coffee Beans 1kg Model 786,600.36,222,SprintPro
549,Coffee Beans 1kg,108.32,390,HomeEase
550,Notebook Model 635,327.44,423,BeanBrew
551,Coffee Beans 1kg,407.82,334,HomeEase
552,Notebook Model 303,903.01,102,ElectroVision
553,Backpack Model 671,801.02,232,ElectroVision
554,Coffee Beans 1kg,154.43,455,TechNova
555,Smartphone Model 780,611.92,489,TechNova
556,Water Bottle Model 671,103.56,211,SprintPro
557,LED TV 42 inch Model 945,57.42,364,ComfortSit
558,Bluetooth Headphones,560.61,358,ElectroVision
559,Coffee Beans 1kg,849.71,389,ComfortSit
560,Running Shoes Model 345,219.74,434,ElectroVision
561,Notebook,86.07,245,HealthPlus
562,Running Shoes,517.10,79,GreenLeaf
563,Bluetooth Headphones,996.89,8,GreenLeaf
564,Water Bottle,859.79,11,TechNova
565,Water Bottle,987.73,83,ElectroVision
566,Running Shoes,997.94,21,ComfortSit
567,Organic Apple,174.28,250,TechNova
568,Coffee Beans 1kg,861.16,387,SoundMax
569,Running Shoes,181.26,135,GreenLeaf
570,LED TV 42 inch,203.24,47,SprintPro
571,Notebook,290.94,398,HomeEase
572,Backpack,791.17,392,HomeEase
573,Coffee Beans 1kg,134.42,98,ComfortSit
574,Coffee Beans 1kg,456.63,11,TechNova
575,Coffee Beans 1kg,428.87,404,SprintPro
576,Coffee Beans 1kg Model 295,668.08,100,SprintPro
577,LED TV 42 inch,724.78,95,FreshFarms
578,Bluetooth Headphones Model 457,198.97,444,BeanBrew
579,Desk Chair,906.30,467,GreenLeaf
580,LED TV 42 inch,217.60,251,ElectroVision
581,Smartphone,552.33,500,HomeEase
582,Backpack Model 293,888.80,417,TechNova
583,Bluetooth Headphones,631.89,132,HomeEase
584,Smartphone,392.65,199,TechNova
585,Coffee Beans 1kg,405.62,320,HealthPlus
586,Bluetooth Headphones,376.35,398,HealthPlus
587,Desk Chair,314.77,119,FreshFarms
588,Organic Apple,55.12,386,HealthPlus
589,Coffee Beans 1kg,530.36,103,BeanBrew
590,Organic Apple,172.71,231,SoundMax
591,LED TV 42 inch,485.63,103,ComfortSit
592,Smartphone,985.27,126,HealthPlus
593,Running Shoes,124.41,497,BeanBrew
594,Smartphone Model 693,861.69,171,HealthPlus
595,Backpack,414.06,139,HealthPlus
596,Coffee Beans 1kg,819.77,163,ComfortSit
597,Running Shoes Model 846,292.98,325,GreenLeaf
598,Organic Apple,587.19,4,GreenLeaf
599,Bluetooth Headphones,979.08,368,ComfortSit
600,Water Bottle Model 427,490.51,42,TechNova
601,Backpack,308.69,499,HealthPlus
602,Bluetooth Headphones Model 748,973.54,108,GreenLeaf
603,Bluetooth Headphones,432.11,200,HealthPlus
604,Water Bottle Model 132,988.41,483,SoundMax
605,Smartphone,65.05,363,ComfortSit
606,Desk Chair Model 447,77.82,175,GreenLeaf
607,Water Bottle,614.19,140,HealthPlus
608,Organic Apple,647.24,197,TechNova
609,Bluetooth Headphones,502.57,446,FreshFarms
610,Organic Apple,932.68,294,ElectroVision
611,LED TV 42 inch,75.85,356,HealthPlus
612,Running Shoes Model 499,445.26,83,HealthPlus
613,Notebook Model 339,583.15,97,SoundMax
614,LED TV 42 inch Model 751,595.02,239,HealthPlus
615,Backpack Model 550,242.86,257,HomeEase
616,Coffee Beans 1kg Model 795,270.60,144,FreshFarms
617,Smartphone,544.28,322,BeanBrew
618,Backpack,561.65,192,BeanBrew
619,LED TV 42 inch,312.43,389,HomeEase
620,Notebook Model 294,414.73,359,GreenLeaf
621,Organic Apple Model 486,584.10,163,GreenLeaf
622,Water Bottle,387.48,434,HomeEase
623,Smartphone,736.89,143,HealthPlus
624,Coffee Beans 1kg,576.94,432,HomeEase
625,Smartphone Model 446,591.61,332,ComfortSit
626,Smartphone,786.14,379,HomeEase
627,Bluetooth Headphones Model 897,937.74,86,SprintPro
628,Backpack Model 731,198.29,130,SoundMax
629,Coffee Beans 1kg Model 233,795.81,351,TechNova
630,Bluetooth Headphones,15.58,474,HealthPlus
631,Desk Chair Model 654,987.97,59,BeanBrew
632,Smartphone Model 462,919.47,248,FreshFarms
633,LED TV 42 inch,892.25,298,HealthPlus
634,Desk Chair,471.65,380,SoundMax
635,Running Shoes,497.23,313,HomeEase
636,Desk Chair Model 645,154.34,66,HomeEase
637,LED TV 42 inch,914.88,278,ElectroVision
638,Coffee Beans 1kg,957.22,485,SprintPro
639,Bluetooth Headphones,348.26,202,TechNova
640,Notebook,224.55,396,FreshFarms
641,Organic Apple,467.87,125,SprintPro
642,LED TV 42 inch,928.71,102,SoundMax
643,Backpack,235.31,251,SprintPro
644,Smartphone,988.49,268,SoundMax
645,Backpack Model 909,944.70,209,SprintPro
646,Organic Apple Model 622,383.59,274,HealthPlus
647,Backpack Model 605,441.93,188,FreshFarms
648,Organic Apple Model 252,606.66,287,FreshFarms
649,Organic Apple,104.70,3,HomeEase
650,Smartphone,590.27,40,HomeEase
651,Backpack,908.05,241,SprintPro
652,Smartphone,356.71,369,TechNova
653,Running Shoes,483.62,443,SprintPro
654,Running Shoes,617.16,360,SoundMax
655,Desk Chair,561.26,60,ComfortSit
656,LED TV 42 inch Model 753,754.60,306,BeanBrew
657,Organic Apple Model 158,887.76,92,BeanBrew
658,Backpack,908.65,474,ElectroVision
659,Notebook,976.69,222,GreenLeaf
660,Backpack,126.46,93,GreenLeaf
661,Running Shoes,120.92,83,BeanBrew
662,LED TV 42 inch Model 264,24.25,175,SprintPro
663,LED TV 42 inch,451.58,77,HomeEase
664,Running Shoes Model 524,235.24,256,GreenLeaf
665,Smartphone,166.49,140,ElectroVision
666,Notebook,120.33,423,ComfortSit
667,Desk Chair Model 662,38.11,170,ComfortSit
668,Running Shoes,955.48,164,ComfortSit
669,LED TV 42 inch,933.32,74,SprintPro
670,Notebook,471.05,479,SoundMax
671,Notebook,741.38,342,SprintPro
672,Coffee Beans 1kg,683.89,216,HealthPlus
673,Running Shoes,89.34,8,ComfortSit
674,Coffee Beans 1kg,74.50,265,TechNova
675,Bluetooth Headphones,651.00,256,HomeEase
676,Bluetooth Headphones,867.97,43,FreshFarms
677,Notebook,234.62,39,ElectroVision
678,Notebook,698.02,277,GreenLeaf
679,Bluetooth Headphones,408.66,402,HomeEase
680,Notebook,410.51,471,HealthPlus
681,Coffee Beans 1kg,573.86,264,BeanBrew
682,Organic Apple Model 387,438.49,437,BeanBrew
683,Backpack Model 329,211.02,439,SoundMax
684,Desk Chair,532.31,48,ComfortSit
685,Desk Chair,873.95,273,ComfortSit
686,Desk Chair,666.24,308,BeanBrew
687,Running Shoes,236.37,413,ComfortSit
688,Notebook,440.03,316,SprintPro
689,LED TV 42 inch,962.32,340,BeanBrew
690,Desk Chair,977.74,418,ElectroVision
691,Backpack,238.83,24,FreshFarms
692,Smartphone,183.41,26,ElectroVision
693,Desk Chair Model 545,114.43,127,ComfortSit
694,Water Bottle Model 272,561.84,47,SprintPro
695,Bluetooth Headphones,393.43,46,SoundMax
696,Organic Apple,961.29,425,SprintPro
697,Backpack Model 145,781.47,249,HomeEase
698,Smartphone,411.44,438,GreenLeaf
699,Smartphone,460.44,6,TechNova
700,LED TV 42 inch,679.55,31,HealthPlus
701,Coffee Beans 1kg,498.80,197,TechNova
702,LED TV 42 inch,556.22,137,ElectroVision
703,LED TV 42 inch,30.01,419,HomeEase
704,Organic Apple,832.48,226,HealthPlus
705,Coffee Beans 1kg Model 958,466.14,127,BeanBrew
706,Organic Apple,48.12,71,SoundMax
707,Organic Apple,494.48,490,ElectroVision
708,Smartphone Model 823,619.62,475,BeanBrew
709,Coffee Beans 1kg Model 179,6.30,339,FreshFarms
710,Water Bottle Model 354,299.96,136,FreshFarms
711,Organic Apple,109.35,108,TechNova
712,LED TV 42 inch,331.00,332,HomeEase
713,LED TV 42 inch,246.39,449,SoundMax
714,Coffee Beans 1kg Model 772,230.28,446,SoundMax
715,Coffee Beans 1kg,113.06,498,SoundMax
716,Organic Apple,91.99,237,GreenLeaf
717,Running Shoes,921.89,473,SoundMax
718,Backpack Model 817,457.51,29,HomeEase
719,Smartphone Model 924,702.29,334,SprintPro
720,Bluetooth Headphones,760.58,211,TechNova
721,Bluetooth Headphones,505.90,267,FreshFarms
722,Running Shoes Model 818,808.71,232,FreshFarms
723,Desk Chair Model 136,369.68,439,ComfortSit
724,Water Bottle,851.51,151,HomeEase
725,Bluetooth Headphones,735.74,223,GreenLeaf
726,Organic Apple,95.13,102,HealthPlus
727,Notebook,500.64,36,BeanBrew
728,Notebook Model 856,797.75,489,ComfortSit
729,Smartphone,537.04,88,SprintPro
730,Coffee Beans 1kg Model 820,740.05,160,BeanBrew
731,Organic Apple Model 910,559.47,490,TechNova
732,Notebook,712.72,436,GreenLeaf
733,Smartphone,191.62,32,ElectroVision
734,Coffee Beans 1kg,384.90,61,HomeEase
735,Smartphone,391.49,13,FreshFarms
736,Bluetooth Headphones,74.18,295,ElectroVision
737,Smartphone,331.76,188,SprintPro
738,Bluetooth Headphones Model 188,451.50,493,SprintPro
739,Bluetooth Headphones,140.52,457,BeanBrew
740,LED TV 42 inch,648.04,302,ComfortSit
741,Notebook,156.75,396,SprintPro
742,Notebook,927.63,384,BeanBrew
743,Bluetooth Headphones,826.53,360,GreenLeaf
744,Organic Apple,266.82,196,SoundMax
745,Desk Chair,481.46,159,GreenLeaf
746,Desk Chair,389.44,91,TechNova
747,Smartphone,763.69,281,ComfortSit
748,Desk Chair,560.11,421,SoundMax
749,Organic Apple Model 837,158.07,431,GreenLeaf
750,Running Shoes,394.19,130,BeanBrew
751,Organic Apple,347.47,45,SoundMax
752,Bluetooth Headphones,738.26,11,BeanBrew
753,Smartphone,764.32,0,GreenLeaf
754,Backpack Model 603,434.05,324,HomeEase
755,Backpack,22.46,9,ComfortSit
756,Organic Apple,612.20,293,FreshFarms
757,Coffee Beans 1kg,220.06,169,ElectroVision
758,Water Bottle,210.91,401,BeanBrew
759,Desk Chair Model 461,111.62,92,ElectroVision
760,Smartphone,141.56,482,FreshFarms
761,Coffee Beans 1kg,449.06,312,ComfortSit
762,Smartphone Model 811,22.77,436,HomeEase
763,Notebook,797.33,278,SprintPro
764,Bluetooth Headphones,224.60,444,GreenLeaf
765,Bluetooth Headphones Model 805,921.37,110,ComfortSit
766,Desk Chair,748.29,68,FreshFarms
767,Desk Chair,826.46,72,SprintPro
768,Coffee Beans 1kg Model 252,795.59,171,HealthPlus
769,Coffee Beans 1kg,98.35,87,FreshFarms
770,Coffee Beans 1kg,44.74,431,ComfortSit
771,Bluetooth Headphones Model 988,981.84,131,TechNova
772,Notebook,518.43,313,GreenLeaf
773,Backpack,686.93,71,SoundMax
774,Coffee Beans 1kg Model 787,180.59,38,ElectroVision
775,Backpack,675.16,325,FreshFarms
776,Organic Apple,192.74,40,HomeEase
777,Smartphone,601.45,207,TechNova
778,Smartphone Model 566,320.42,101,FreshFarms
779,Backpack Model 253,545.88,30,SoundMax
780,Backpack,520.75,87,TechNova
781,Desk Chair Model 307,372.39,115,HealthPlus
782,Coffee Beans 1kg,615.07,369,GreenLeaf
783,Organic Apple,685.63,198,BeanBrew
784,Notebook,842.90,130,TechNova
785,Coffee Beans 1kg,761.24,331,BeanBrew
786,Smartphone Model 535,779.74,220,GreenLeaf
787,LED TV 42 inch Model 905,961.80,375,SprintPro
788,Organic Apple,986.63,274,FreshFarms
789,Bluetooth Headphones Model 574,446.42,10,SoundMax
790,Notebook,930.20,448,ComfortSit
791,Running Shoes,56.98,261,SoundMax
792,LED TV 42 inch,278.58,367,TechNova
793,Running Shoes Model 480,319.50,210,BeanBrew
794,Bluetooth Headphones,347.28,484,BeanBrew
795,Smartphone Model 486,512.98,253,HealthPlus
796,Notebook,531.29,77,HealthPlus
797,Bluetooth Headphones,434.87,21,SprintPro
798,Organic Apple,60.43,489,SoundMax
799,Water Bottle,773.60,22,SprintPro
800,Running Shoes,428.95,286,BeanBrew
801,Desk Chair Model 986,736.72,359,ElectroVision
802,Coffee Beans 1kg Model 141,571.37,189,ElectroVision
803,Smartphone Model 307,122.86,136,BeanBrew
804,Water Bottle,367.80,161,TechNova
805,Running Shoes Model 352,64.37,387,BeanBrew
806,Coffee Beans 1kg,645.97,64,BeanBrew
807,Backpack,844.02,35,GreenLeaf
808,Organic Apple,417.35,113,FreshFarms
809,Bluetooth Headphones,515.49,58,BeanBrew
810,Coffee Beans 1kg,27.78,369,FreshFarms
811,LED TV 42 inch Model 755,201.26,251,ElectroVision
812,Backpack Model 739,422.55,356,ComfortSit
813,Smartphone,654.64,473,SprintPro
814,Backpack,459.41,299,HealthPlus
815,Smartphone,367.52,103,HealthPlus
816,Smartphone,722.35,48,ComfortSit
817,Desk Chair Model 440,357.60,450,SprintPro
818,Coffee Beans 1kg,568.17,463,GreenLeaf
819,Backpack Model 669,242.39,445,ElectroVision
820,Smartphone,806.54,352,SprintPro
821,Smartphone,605.73,431,GreenLeaf
822,LED TV 42 inch,52.65,145,SprintPro
823,Running Shoes,469.79,158,ComfortSit
824,Backpack,829.03,149,HealthPlus
825,Bluetooth Headphones,16.85,208,HomeEase
826,Bluetooth Headphones,987.72,245,SprintPro
827,Organic Apple,545.18,285,BeanBrew
828,Running Shoes,103.58,190,HomeEase
829,Coffee Beans 1kg,411.88,93,GreenLeaf
830,Bluetooth Headphones,286.99,171,HealthPlus
831,Notebook,198.96,380,SoundMax
832,Organic Apple Model 613,487.46,452,ComfortSit
833,Bluetooth Headphones,830.33,219,GreenLeaf
834,Water Bottle,735.33,347,HomeEase
835,Running Shoes,536.06,490,TechNova
836,Smartphone,306.58,371,HomeEase
837,Running Shoes,605.40,221,ElectroVision
838,Bluetooth Headphones Model 982,191.88,42,GreenLeaf
839,Backpack Model 797,112.06,0,SprintPro
840,Backpack,28.97,248,SprintPro
841,Coffee Beans 1kg,134.22,43,TechNova
842,Coffee Beans 1kg Model 737,343.41,33,ComfortSit
843,Notebook,425.83,456,HealthPlus
844,Backpack,423.73,11,BeanBrew
845,Desk Chair,847.92,14,HomeEase
846,LED TV 42 inch,158.30,422,HomeEase
847,Running Shoes,972.60,491,BeanBrew
848,Coffee Beans 1kg Model 198,860.21,299,FreshFarms
849,Coffee Beans 1kg,942.07,0,BeanBrew
850,LED TV 42 inch Model 992,296.29,90,ComfortSit
851,Backpack,452.12,416,SoundMax
852,LED TV 42 inch Model 591,235.07,376,HealthPlus
853,Running Shoes Model 506,558.97,438,BeanBrew
854,Desk Chair,2.48,176,BeanBrew
855,Bluetooth Headphones,648.08,442,ComfortSit
856,Desk Chair,777.76,95,SprintPro
857,Bluetooth Headphones,360.45,202,HealthPlus
858,Backpack,273.75,192,TechNova
859,LED TV 42 inch,45.02,181,TechNova
860,Running Shoes,593.60,397,SprintPro
861,Backpack Model 745,86.54,215,GreenLeaf
862,Notebook,382.20,228,ComfortSit
863,Running Shoes,892.75,400,SoundMax
864,Desk Chair Model 390,178.01,370,SprintPro
865,Notebook,554.02,363,ElectroVision
866,Smartphone,220.56,126,TechNova
867,Desk Chair,560.11,32,HealthPlus
868,Desk Chair,282.77,304,ElectroVision
869,Bluetooth Headphones,752.18,302,SoundMax
870,Smartphone Model 306,504.77,294,SoundMax
871,Organic Apple,370.84,265,HomeEase
872,Water Bottle Model 922,38.50,304,FreshFarms
873,Notebook,94.74,313,ComfortSit
874,Organic Apple,668.82,217,HomeEase
875,Bluetooth Headphones,952.84,142,HomeEase
876,Backpack,251.80,394,FreshFarms
877,Water Bottle,713.87,462,ComfortSit
878,Desk Chair,328.85,76,GreenLeaf
879,Desk Chair,199.54,149,ComfortSit
880,Running Shoes,396.76,366,HomeEase
881,Water Bottle,79.77,455,FreshFarms
882,Organic Apple,228.66,84,HealthPlus
883,Desk Chair,427.28,187,TechNova
884,Water Bottle Model 496,756.25,367,ComfortSit
885,Smartphone,501.57,199,HomeEase
886,Desk Chair,654.21,366,SoundMax
887,Bluetooth Headphones,933.13,162,FreshFarms
888,Organic Apple,673.96,280,GreenLeaf
889,Bluetooth Headphones,160.03,385,SprintPro
890,Organic Apple Model 834,331.82,412,TechNova
891,Organic Apple,736.26,290,ComfortSit
892,Coffee Beans 1kg,181.65,264,BeanBrew
893,Backpack,260.02,499,BeanBrew
894,Bluetooth Headphones Model 293,949.68,397,BeanBrew
895,Notebook Model 795,883.38,125,GreenLeaf
896,Notebook,423.38,235,BeanBrew
897,Coffee Beans 1kg,960.29,494,BeanBrew
898,Backpack,428.06,456,HealthPlus
899,LED TV 42 inch,319.31,227,ComfortSit
900,Bluetooth Headphones Model 968,687.00,448,SoundMax
901,Desk Chair,751.08,238,ElectroVision
902,Running Shoes,474.86,485,HomeEase
903,Water Bottle,221.24,142,SprintPro
904,Backpack,194.63,402,BeanBrew
905,Running Shoes Model 630,309.38,108,ComfortSit
906,Bluetooth Headphones,665.13,235,SoundMax
907,Running Shoes,488.25,42,BeanBrew
908,LED TV 42 inch,998.85,232,BeanBrew
909,Running Shoes,600.33,436,ComfortSit
910,Water Bottle,169.36,121,TechNova
911,Organic Apple,102.54,52,GreenLeaf
912,Coffee Beans 1kg Model 113,468.76,391,ComfortSit
913,Organic Apple,961.19,117,FreshFarms
914,LED TV 42 inch,293.30,404,ElectroVision
915,LED TV 42 inch,45.22,64,ElectroVision
916,LED TV 42 inch Model 641,506.32,272,SprintPro
917,LED TV 42 inch,271.05,214,SoundMax
918,Coffee Beans 1kg,539.73,150,BeanBrew
919,Bluetooth Headphones,669.78,153,SprintPro
920,Coffee Beans 1kg,592.06,100,BeanBrew
921,Notebook,674.39,407,SoundMax
922,LED TV 42 inch Model 190,575.76,165,GreenLeaf
923,Backpack,626.41,341,SprintPro
924,Running Shoes,461.88,294,HealthPlus
925,Organic Apple Model 149,128.81,352,BeanBrew
926,Running Shoes,84.30,269,ElectroVision
927,LED TV 42 inch Model 435,818.00,471,SprintPro
928,Running Shoes Model 596,512.05,18,ComfortSit
929,LED TV 42 inch,707.33,377,ComfortSit
930,Coffee Beans 1kg,372.18,309,GreenLeaf
931,Running Shoes,595.39,487,GreenLeaf
932,Smartphone,118.23,471,BeanBrew
933,Bluetooth Headphones,950.97,496,SoundMax
934,Coffee Beans 1kg,399.08,29,HomeEase
935,Running Shoes,410.46,76,HomeEase
936,LED TV 42 inch Model 106,374.58,207,SoundMax
937,Notebook Model 658,641.30,74,GreenLeaf
938,LED TV 42 inch,997.36,175,TechNova
939,Backpack,1.15,134,ElectroVision
940,Organic Apple Model 399,597.38,14,HomeEase
941,Backpack Model 854,94.38,308,SoundMax
942,Running Shoes,638.15,326,HomeEase
943,Desk Chair,713.92,183,SoundMax
944,Bluetooth Headphones Model 101,125.91,36,ComfortSit
945,Desk Chair,512.19,497,SoundMax
946,Running Shoes,105.51,476,BeanBrew
947,Bluetooth Headphones,163.27,169,FreshFarms
948,Notebook,759.91,491,ComfortSit
949,LED TV 42 inch,472.94,261,ElectroVision
950,Smartphone Model 934,992.20,239,SoundMax
951,Desk Chair,684.37,350,HealthPlus
952,LED TV 42 inch Model 450,943.23,268,HomeEase
953,Organic Apple Model 600,293.71,77,SoundMax
954,Running Shoes,418.23,500,GreenLeaf
955,Smartphone,921.20,27,SoundMax
956,Organic Apple,762.73,198,GreenLeaf
957,LED TV 42 inch,382.37,316,ElectroVision
958,Coffee Beans 1kg,207.37,189,HealthPlus
959,Smartphone Model 642,785.51,139,ComfortSit
960,Coffee Beans 1kg,357.55,405,SoundMax
961,Organic Apple,994.13,332,GreenLeaf
962,Desk Chair,540.29,199,GreenLeaf
963,Running Shoes Model 370,802.34,467,HealthPlus
964,Coffee Beans 1kg Model 658,696.17,39,SprintPro
965,Notebook,932.48,234,SprintPro
966,Running Shoes,280.09,307,TechNova
967,LED TV 42 inch,246.48,180,FreshFarms
968,Coffee Beans 1kg,359.13,75,ElectroVision
969,Desk Chair Model 587,573.17,10,SprintPro
970,Notebook Model 310,769.78,491,TechNova
971,Water Bottle Model 453,971.04,453,HomeEase
972,Coffee Beans 1kg,134.58,228,ComfortSit
973,Coffee Beans 1kg,897.58,250,HealthPlus
974,Desk Chair Model 703,780.68,112,HomeEase
975,Notebook,372.32,199,ComfortSit
976,Coffee Beans 1kg,56.17,108,SprintPro
977,Backpack,688.64,478,SoundMax
978,Notebook,605.70,26,BeanBrew
979,Bluetooth Headphones,579.13,340,SoundMax
980,Organic Apple,376.06,230,TechNova
981,Coffee Beans 1kg,128.24,374,HealthPlus
982,LED TV 42 inch,893.59,469,HomeEase
983,Organic Apple,833.10,333,FreshFarms
984,Running Shoes,686.34,238,SprintPro
985,Water Bottle Model 688,707.19,379,HealthPlus
986,Organic Apple,300.52,388,TechNova
987,LED TV 42 inch,155.68,274,SprintPro
988,Running Shoes Model 399,927.20,52,SprintPro
989,Smartphone,727.05,339,ElectroVision
990,Water Bottle Model 625,719.89,284,SoundMax
991,Notebook,316.66,41,BeanBrew
992,Notebook,902.94,382,FreshFarms
993,Smartphone,69.95,258,HealthPlus
994,Water Bottle Model 395,171.43,330,SoundMax
995,Water Bottle,389.27,337,HomeEase
996,Organic Apple Model 409,244.85,119,HomeEase
997,Desk Chair Model 797,121.10,491,GreenLeaf
998,Backpack Model 819,977.64,363,ComfortSit
999,Coffee Beans 1kg,660.60,336,HealthPlus
1000,Bluetooth Headphones Model 372,951.04,479,SoundMax
1001,LED TV 42 inch,184.56,390,SprintPro
1002,Organic Apple,248.00,283,ComfortSit
1003,Desk Chair,80.39,277,ComfortSit
1004,Backpack,970.84,436,HomeEase
1005,Running Shoes Model 572,626.85,225,ElectroVision
1006,Water Bottle Model 773,792.61,14,ComfortSit
1007,Organic Apple,794.19,34,TechNova
1008,Coffee Beans 1kg,955.97,41,FreshFarms
1009,Backpack,246.81,70,HealthPlus
1010,Backpack,657.61,171,ElectroVision
1011,LED TV 42 inch Model 836,248.92,286,HealthPlus
1012,Bluetooth Headphones,544.42,409,SprintPro
1013,LED TV 42 inch,189.98,469,SprintPro
1014,Water Bottle,562.14,107,HomeEase
1015,Smartphone,320.59,118,ComfortSit
1016,Bluetooth Headphones Model 446,859.24,322,BeanBrew
1017,Smartphone,300.04,466,ElectroVision
1018,Bluetooth Headphones,677.31,223,SprintPro
1019,Notebook,62.50,230,SprintPro
1020,Backpack Model 898,324.76,343,HomeEase
1021,Bluetooth Headphones Model 523,899.96,442,HomeEase
1022,Running Shoes,868.92,116,TechNova
1023,Coffee Beans 1kg,717.47,354,ComfortSit
1024,Running Shoes,131.00,437,FreshFarms
1025,Water Bottle Model 405,501.41,126,HomeEase
1026,LED TV 42 inch,238.73,52,SoundMax
1027,Smartphone,547.20,146,FreshFarms
1028,Bluetooth Headphones,925.57,54,GreenLeaf
1029,Bluetooth Headphones Model 204,207.81,358,ComfortSit
1030,Notebook Model 112,812.10,148,SoundMax
1031,Notebook,691.12,83,BeanBrew
1032,Organic Apple,174.01,349,HealthPlus
1033,Bluetooth Headphones,556.92,412,FreshFarms
1034,Water Bottle,960.66,41,TechNova
1035,LED TV 42 inch,79.02,259,TechNova
1036,Notebook Model 262,650.92,163,TechNova
1037,Backpack,568.30,319,GreenLeaf
1038,Organic Apple Model 520,195.64,233,HealthPlus
1039,Coffee Beans 1kg,200.13,101,BeanBrew
1040,Smartphone,474.98,480,GreenLeaf
1041,Running Shoes,900.88,35,FreshFarms
1042,Bluetooth Headphones,344.68,348,TechNova
1043,Coffee Beans 1kg Model 212,220.76,41,GreenLeaf
1044,Smartphone Model 474,309.56,90,HealthPlus
1045,Bluetooth Headphones,378.97,9,GreenLeaf
1046,Running Shoes Model 703,884.92,100,HealthPlus
1047,Bluetooth Headphones Model 290,243.95,294,ComfortSit
1048,Water Bottle Model 450,543.47,3,FreshFarms
1049,Water Bottle,848.68,432,ComfortSit
1050,Notebook,595.52,424,HomeEase
1051,Bluetooth Headphones,772.53,362,SprintPro
1052,Desk Chair Model 811,623.87,353,ElectroVision
1053,LED TV 42 inch Model 821,558.97,128,HomeEase
1054,Backpack,859.65,313,TechNova
1055,Backpack Model 894,17.47,240,SoundMax
1056,Desk Chair,191.34,346,BeanBrew
1057,Backpack Model 239,123.25,461,ComfortSit
1058,Running Shoes,649.73,9,SoundMax
1059,Organic Apple,373.11,18,ComfortSit
1060,Smartphone,585.66,435,SoundMax
1061,LED TV 42 inch,992.12,456,SprintPro
1062,Coffee Beans 1kg,239.41,307,SoundMax
1063,Water Bottle,395.51,449,SprintPro
1064,Notebook,445.30,195,ElectroVision
1065,Smartphone,1.60,151,TechNova
1066,Notebook Model 415,461.37,492,SprintPro
1067,Bluetooth Headphones,575.14,205,ElectroVision
1068,Coffee Beans 1kg,902.55,378,ElectroVision
1069,Organic Apple,103.55,124,ElectroVision
1070,Bluetooth Headphones,749.87,7,GreenLeaf
1071,Water Bottle Model 238,452.54,191,SprintPro
1072,Desk Chair,853.39,493,HealthPlus
1073,Coffee Beans 1kg Model 856,851.33,142,SprintPro
1074,Bluetooth Headphones Model 413,368.86,80,SoundMax
1075,Desk Chair Model 810,334.06,144,TechNova
1076,Coffee Beans 1kg,200.35,370,FreshFarms
1077,Bluetooth Headphones,322.43,390,BeanBrew
1078,Bluetooth Headphones,259.23,72,BeanBrew
1079,Backpack,829.49,420,BeanBrew
1080,Bluetooth Headphones Model 926,385.91,53,BeanBrew
1081,Coffee Beans 1kg Model 714,8.41,397,BeanBrew
1082,Coffee Beans 1kg Model 297,369.71,372,SprintPro
1083,Water Bottle Model 911,352.65,233,GreenLeaf
1084,Organic Apple,563.74,36,SprintPro
1085,Organic Apple Model 295,496.87,472,ElectroVision
1086,Bluetooth Headphones,395.46,415,SoundMax
1087,Water Bottle Model 140,994.19,226,HomeEase
1088,Desk Chair,87.96,453,FreshFarms
1089,Bluetooth Headphones Model 801,810.54,92,SprintPro
1090,Notebook Model 376,665.64,106,FreshFarms
1091,Running Shoes,971.19,307,FreshFarms
1092,Running Shoes,291.63,229,SoundMax
1093,Bluetooth Headphones,188.27,172,BeanBrew
1094,Backpack,829.84,235,SoundMax
1095,Notebook,815.15,392,TechNova
1096,Backpack Model 622,25.53,110,SprintPro
1097,Backpack Model 431,975.30,1,ComfortSit
1098,Organic Apple,334.53,51,FreshFarms
1099,Bluetooth Headphones,447.62,360,BeanBrew
1100,LED TV 42 inch,916.80,187,GreenLeaf
1101,Backpack Model 249,58.59,492,ComfortSit
1102,Running Shoes,812.31,70,ElectroVision
1103,Water Bottle,668.42,451,ElectroVision
1104,Desk Chair,427.76,21,HomeEase
1105,Backpack,592.08,319,ElectroVision
1106,Backpack Model 294,132.78,443,HealthPlus
1107,Smartphone Model 499,571.60,127,BeanBrew
1108,Notebook Model 978,105.77,486,SoundMax
1109,LED TV 42 inch Model 183,845.76,223,SoundMax
1110,Desk Chair,67.57,198,ElectroVision
1111,Coffee Beans 1kg,953.36,114,TechNova
1112,Desk Chair Model 342,525.68,316,FreshFarms
1113,Coffee Beans 1kg,120.95,195,ElectroVision
1114,Desk Chair,433.92,360,ComfortSit
1115,Backpack,465.56,388,ElectroVision
1116,Coffee Beans 1kg,411.92,199,HomeEase
1117,Smartphone Model 586,249.94,498,TechNova
1118,Desk Chair,553.81,238,TechNova
1119,Coffee Beans 1kg,938.21,200,HealthPlus
1120,Bluetooth Headphones Model 501,951.20,388,ComfortSit
1121,Backpack Model 439,710.27,487,HealthPlus
1122,Backpack,614.40,273,TechNova
1123,Organic Apple,99.05,248,HealthPlus
1124,Running Shoes,92.16,114,TechNova
1125,Notebook,21.89,154,SoundMax
1126,Smartphone Model 938,498.58,72,ElectroVision
1127,Smartphone,759.33,303,TechNova
1128,Smartphone Model 634,504.25,385,ComfortSit
1129,Desk Chair Model 740,687.82,24,FreshFarms
1130,Notebook,780.42,173,BeanBrew
1131,Notebook,178.40,225,FreshFarms
1132,Organic Apple,154.82,120,ComfortSit
1133,Notebook,408.54,90,BeanBrew
1134,Running Shoes Model 915,145.26,332,ComfortSit
1135,Running Shoes,172.69,331,BeanBrew
1136,Water Bottle Model 981,321.21,224,ComfortSit
1137,Desk Chair,848.09,131,HealthPlus
1138,Organic Apple,451.76,27,SoundMax
1139,Desk Chair Model 666,37.65,414,BeanBrew
1140,LED TV 42 inch,664.70,209,TechNova
1141,LED TV 42 inch,260.06,253,TechNova
1142,Running Shoes,903.46,284,HomeEase
1143,Water Bottle,872.59,153,TechNova
1144,Desk Chair,405.21,141,SprintPro
1145,Notebook,591.27,172,HomeEase
1146,Backpack,756.91,327,SprintPro
1147,LED TV 42 inch,692.11,265,GreenLeaf
1148,Backpack,377.22,55,GreenLeaf
1149,Running Shoes Model 327,137.65,492,HealthPlus
1150,Bluetooth Headphones,33.75,234,BeanBrew
1151,LED TV 42 inch,210.37,43,GreenLeaf
1152,Bluetooth Headphones,51.94,154,SoundMax
1153,LED TV 42 inch,529.77,280,GreenLeaf
1154,Smartphone,685.80,20,ComfortSit
1155,LED TV 42 inch Model 247,910.37,450,GreenLeaf
1156,Smartphone,386.98,326,FreshFarms
1157,Backpack,591.66,245,HomeEase
1158,Organic Apple Model 543,514.86,326,TechNova
1159,Running Shoes,660.88,289,SoundMax
1160,Organic Apple,578.67,396,ComfortSit
1161,Smartphone,948.66,7,TechNova
1162,Desk Chair Model 373,358.23,437,ElectroVision
1163,Water Bottle,903.91,1,ComfortSit
1164,Desk Chair,478.63,309,GreenLeaf
1165,Organic Apple Model 241,606.43,67,HomeEase
1166,LED TV 42 inch,308.14,228,ElectroVision
1167,Desk Chair,195.07,11,FreshFarms
1168,LED TV 42 inch,258.59,101,SoundMax
1169,Notebook,463.29,433,ComfortSit
1170,Organic Apple Model 575,663.54,441,TechNova
1171,Bluetooth Headphones,631.98,81,ComfortSit
1172,Organic Apple,825.70,482,HomeEase
1173,Coffee Beans 1kg,465.19,157,BeanBrew
1174,Bluetooth Headphones,696.64,349,FreshFarms
1175,Organic Apple,717.97,154,TechNova
1176,Notebook,681.19,306,GreenLeaf
1177,Organic Apple,568.17,411,SoundMax
1178,Running Shoes,539.59,87,BeanBrew
1179,Notebook Model 656,51.66,97,GreenLeaf
1180,Desk Chair,350.87,476,HomeEase
1181,Backpack,471.13,303,FreshFarms
1182,Running Shoes,688.42,394,GreenLeaf
1183,LED TV 42 inch Model 781,153.29,153,HealthPlus
1184,Water Bottle Model 652,916.47,466,ComfortSit
1185,Organic Apple,747.67,2,GreenLeaf
1186,Running Shoes Model 243,340.55,303,HealthPlus
1187,Running Shoes Model 837,484.12,448,HealthPlus
1188,Water Bottle,620.30,125,HealthPlus
1189,Running Shoes,736.58,225,BeanBrew
1190,Bluetooth Headphones Model 469,30.84,76,ElectroVision
1191,Organic Apple,706.73,361,SoundMax
1192,Notebook,717.80,484,ComfortSit
1193,Organic Apple,896.37,364,BeanBrew
1194,Backpack Model 398,613.58,11,GreenLeaf
1195,Water Bottle Model 748,869.94,471,SoundMax
1196,Bluetooth Headphones,341.96,225,ElectroVision
1197,Notebook,583.21,49,GreenLeaf
1198,Desk Chair Model 938,119.42,471,FreshFarms
1199,Desk Chair,914.34,223,GreenLeaf
1200,LED TV 42 inch Model 975,996.14,88,SoundMax
1201,Notebook,181.11,419,SprintPro
1202,Backpack,430.01,421,ComfortSit
1203,Smartphone Model 259,961.75,256,FreshFarms
1204,Water Bottle,741.88,265,HomeEase
1205,Bluetooth Headphones Model 241,259.85,290,SoundMax
1206,Desk Chair,938.78,467,ComfortSit
1207,Coffee Beans 1kg Model 241,298.92,100,SoundMax
1208,Water Bottle,644.73,434,ElectroVision
1209,Coffee Beans 1kg,54.00,412,SoundMax
1210,Backpack,639.90,376,HealthPlus
1211,LED TV 42 inch,338.02,100,ElectroVision
1212,Backpack Model 149,30.76,173,HomeEase
1213,Running Shoes Model 843,984.36,147,HomeEase
1214,Bluetooth Headphones Model 793,816.11,202,FreshFarms
1215,Backpack,75.69,380,SoundMax
1216,Backpack,638.51,180,ElectroVision
1217,Water Bottle Model 271,26.71,85,FreshFarms
1218,Backpack Model 413,125.62,402,GreenLeaf
1219,Notebook Model 359,33.68,402,SoundMax
1220,Coffee Beans 1kg,394.66,93,FreshFarms
1221,Organic Apple,305.58,29,SprintPro
1222,Water Bottle,586.86,308,GreenLeaf
1223,Notebook Model 183,596.66,19,FreshFarms
1224,Desk Chair,988.92,280,GreenLeaf
1225,Coffee Beans 1kg,294.36,232,SprintPro
1226,Desk Chair,680.81,374,TechNova
1227,Backpack,981.40,218,BeanBrew
1228,Smartphone Model 476,215.84,462,BeanBrew
1229,Running Shoes Model 591,895.16,447,TechNova
1230,Coffee Beans 1kg,304.12,220,BeanBrew
1231,Running Shoes,210.78,436,HomeEase
1232,Notebook,452.49,406,HealthPlus
1233,Water Bottle,960.86,174,SprintPro
1234,LED TV 42 inch Model 245,355.76,433,ComfortSit
1235,Running Shoes,421.95,242,GreenLeaf
1236,Notebook Model 934,165.93,213,GreenLeaf
1237,Organic Apple Model 499,843.18,163,GreenLeaf
1238,Desk Chair Model 593,234.86,264,ComfortSit
1239,Water Bottle,940.65,373,BeanBrew
1240,Water Bottle,790.15,158,TechNova
1241,Bluetooth Headphones Model 661,773.87,240,TechNova
1242,Backpack,682.57,321,TechNova
1243,Smartphone,920.42,363,ElectroVision
1244,Running Shoes Model 213,678.29,104,ElectroVision
1245,Bluetooth Headphones Model 358,589.84,61,HealthPlus
1246,Backpack,913.83,271,SoundMax
1247,Smartphone Model 700,186.55,225,BeanBrew
1248,Backpack,131.22,271,HealthPlus
1249,Smartphone,117.87,402,HealthPlus
1250,LED TV 42 inch,619.10,103,ComfortSit
1251,LED TV 42 inch,512.53,389,HealthPlus
1252,Water Bottle,104.54,361,HomeEase
1253,Running Shoes Model 504,233.84,396,HomeEase
1254,Bluetooth Headphones,368.04,197,ElectroVision
1255,Notebook,220.05,91,ElectroVision
1256,Notebook Model 491,902.71,97,SprintPro
1257,Organic Apple Model 252,526.28,230,ComfortSit
1258,Bluetooth Headphones Model 181,285.84,431,GreenLeaf
1259,Backpack,34.65,205,TechNova
1260,Water Bottle,179.54,233,HealthPlus
1261,Notebook Model 144,905.17,261,ElectroVision
1262,LED TV 42 inch,70.88,135,SprintPro
1263,LED TV 42 inch,744.77,491,SprintPro
1264,Organic Apple,45.37,298,ElectroVision
1265,Water Bottle,464.79,31,FreshFarms
1266,Organic Apple,715.91,28,FreshFarms
1267,Coffee Beans 1kg,627.60,268,TechNova
1268,Notebook,374.66,7,TechNova
1269,LED TV 42 inch Model 295,184.89,293,SprintPro
1270,Water Bottle,762.30,25,SoundMax
1271,Organic Apple Model 466,268.81,395,ElectroVision
1272,Bluetooth Headphones,598.58,320,SoundMax
1273,LED TV 42 inch,625.93,274,FreshFarms
1274,Smartphone,582.43,178,SprintPro
1275,LED TV 42 inch Model 416,670.99,133,SprintPro
1276,Smartphone,54.92,60,SoundMax
1277,Notebook,809.24,226,SoundMax
1278,Backpack,927.71,208,SoundMax
1279,Notebook,680.67,214,TechNova
1280,Coffee Beans 1kg,130.87,101,ComfortSit
1281,LED TV 42 inch,508.95,170,SprintPro
1282,Notebook Model 526,890.78,79,HealthPlus
1283,Bluetooth Headphones,179.18,118,TechNova
1284,LED TV 42 inch,316.39,116,GreenLeaf
1285,LED TV 42 inch,792.68,490,FreshFarms
1286,Water Bottle,420.30,190,BeanBrew
1287,Smartphone,830.68,399,FreshFarms
1288,Notebook,149.31,132,BeanBrew
1289,Coffee Beans 1kg,153.54,60,FreshFarms
1290,LED TV 42 inch,244.34,474,HomeEase
1291,Coffee Beans 1kg Model 966,264.45,89,HomeEase
1292,Smartphone,430.85,465,GreenLeaf
1293,Water Bottle,148.64,468,HomeEase
1294,Organic Apple Model 472,143.18,477,HomeEase
1295,Organic Apple,50.48,394,TechNova
1296,Backpack Model 646,261.36,258,TechNova
1297,Coffee Beans 1kg,664.19,19,TechNova
1298,Bluetooth Headphones Model 153,458.66,95,FreshFarms
1299,Backpack,445.92,65,HomeEase
1300,Organic Apple,242.37,150,HomeEase
1301,LED TV 42 inch Model 384,597.07,241,SoundMax
1302,Running Shoes,835.68,340,HomeEase
1303,Organic Apple Model 772,245.63,473,FreshFarms
1304,Desk Chair,535.61,417,ElectroVision
1305,Desk Chair Model 632,749.95,207,ElectroVision
1306,Water Bottle,790.14,57,HealthPlus
1307,Water Bottle,677.43,497,ComfortSit
1308,Organic Apple,867.94,438,FreshFarms
1309,Notebook,298.14,326,BeanBrew
1310,Running Shoes,869.83,289,SoundMax
1311,Running Shoes,53.59,325,FreshFarms
1312,Organic Apple,628.57,59,ElectroVision
1313,Coffee Beans 1kg Model 320,626.15,230,TechNova
1314,LED TV 42 inch Model 855,754.62,388,FreshFarms
1315,Water Bottle,15.31,172,BeanBrew
1316,Bluetooth Headphones Model 924,415.41,367,SprintPro
1317,LED TV 42 inch,266.53,406,GreenLeaf
1318,LED TV 42 inch,985.22,110,ElectroVision
1319,Notebook,359.17,186,SoundMax
1320,Desk Chair Model 292,684.76,197,FreshFarms
1321,Organic Apple,254.30,132,TechNova
1322,Notebook,181.86,207,TechNova
1323,LED TV 42 inch,854.21,108,HomeEase
1324,Water Bottle Model 964,662.75,363,SoundMax
1325,Coffee Beans 1kg,225.89,420,ElectroVision
1326,LED TV 42 inch,42.08,280,BeanBrew
1327,LED TV 42 inch,99.21,242,HomeEase
1328,Smartphone,581.57,139,ElectroVision
1329,Water Bottle,607.34,381,TechNova
1330,Water Bottle,635.03,148,SprintPro
1331,Bluetooth Headphones,548.13,370,SprintPro
1332,Organic Apple Model 527,459.93,115,TechNova
1333,Backpack,960.44,438,GreenLeaf
1334,Water Bottle,71.08,357,HealthPlus
1335,Organic Apple,749.11,270,ElectroVision
1336,Coffee Beans 1kg,272.98,263,ElectroVision
1337,Smartphone,758.59,32,BeanBrew
1338,Water Bottle,496.11,362,ComfortSit
1339,Desk Chair,836.36,393,HomeEase
1340,Backpack,758.20,272,TechNova
1341,LED TV 42 inch Model 504,149.64,292,BeanBrew
1342,Desk Chair Model 246,129.76,96,GreenLeaf
1343,Backpack,578.77,14,BeanBrew
1344,Water Bottle Model 518,738.17,228,SprintPro
1345,Organic Apple,723.43,18,GreenLeaf
1346,LED TV 42 inch,577.39,206,SoundMax
1347,Desk Chair,488.43,34,ElectroVision
1348,Backpack Model 791,397.25,393,GreenLeaf
1349,Notebook Model 701,527.74,493,HomeEase
1350,Notebook,96.35,42,ComfortSit
1351,Coffee Beans 1kg,857.63,314,ComfortSit
1352,Notebook Model 180,676.59,86,SprintPro
1353,Water Bottle,183.96,260,TechNova
1354,Desk Chair Model 245,407.80,476,GreenLeaf
1355,Desk Chair,525.88,289,SprintPro
1356,Backpack Model 575,109.65,176,HealthPlus
1357,Desk Chair Model 514,653.18,42,GreenLeaf
1358,Notebook Model 477,65.12,451,BeanBrew
1359,Backpack,19.43,145,SprintPro
1360,LED TV 42 inch,405.09,350,GreenLeaf
1361,Notebook Model 330,367.70,469,HomeEase
1362,LED TV 42 inch,600.87,23,HealthPlus
1363,Running Shoes,87.22,190,HealthPlus
1364,Backpack,355.34,109,SoundMax
1365,Coffee Beans 1kg,713.73,313,ComfortSit
1366,Coffee Beans 1kg,356.07,19,GreenLeaf
1367,Organic Apple Model 925,862.75,80,BeanBrew
1368,Running Shoes,217.57,162,GreenLeaf
1369,Water Bottle,463.54,92,HomeEase
1370,Notebook,121.74,413,GreenLeaf
1371,Notebook Model 415,188.03,293,HealthPlus
1372,LED TV 42 inch,993.55,36,GreenLeaf
1373,Desk Chair,155.57,432,SoundMax
1374,Water Bottle,68.78,120,TechNova
1375,Water Bottle,427.89,423,ComfortSit
1376,Water Bottle,625.81,2,HomeEase
1377,Water Bottle,315.80,139,HealthPlus
1378,Notebook Model 129,360.49,315,SoundMax
1379,Organic Apple Model 686,992.09,337,SprintPro
1380,Bluetooth Headphones,939.43,60,ElectroVision
1381,Water Bottle Model 341,528.00,170,HomeEase
1382,Water Bottle Model 582,931.92,254,HealthPlus
1383,Bluetooth Headphones,400.14,352,HealthPlus
1384,Coffee Beans 1kg,77.45,88,ElectroVision
1385,Desk Chair,46.66,399,ComfortSit
1386,Smartphone,4.74,178,SoundMax
1387,Running Shoes,147.84,257,ComfortSit
1388,LED TV 42 inch,392.49,415,FreshFarms
1389,Desk Chair,705.91,98,SprintPro
1390,Backpack,285.39,301,TechNova
1391,Running Shoes,222.00,492,ComfortSit
1392,Water Bottle,134.59,99,HealthPlus
1393,Desk Chair,544.95,285,SoundMax
1394,Notebook,549.97,1,GreenLeaf
1395,Running Shoes Model 791,629.00,255,HealthPlus
1396,Running Shoes,607.55,192,FreshFarms
1397,Organic Apple Model 651,465.42,467,HomeEase
1398,Running Shoes Model 262,759.60,196,TechNova
1399,Organic Apple,212.68,249,SprintPro
1400,Smartphone,178.03,156,HealthPlus
1401,Notebook,597.96,497,BeanBrew
1402,Bluetooth Headphones,574.11,136,SoundMax
1403,Running Shoes,746.87,164,HomeEase
1404,Bluetooth Headphones,478.97,489,ElectroVision
1405,Notebook Model 531,687.11,195,FreshFarms
1406,Bluetooth Headphones,465.78,155,TechNova
1407,Running Shoes,83.72,167,HomeEase
1408,Notebook,906.02,397,HomeEase
1409,Notebook,882.98,365,HealthPlus
1410,Running Shoes,974.73,366,GreenLeaf
1411,Desk Chair,524.04,192,HealthPlus
1412,Bluetooth Headphones Model 603,879.63,225,GreenLeaf
1413,Water Bottle,577.86,407,HealthPlus
1414,Water Bottle,910.57,157,HealthPlus
1415,Backpack,52.89,62,SprintPro
1416,Backpack,674.42,84,BeanBrew
1417,LED TV 42 inch,355.16,6,SprintPro
1418,Bluetooth Headphones,382.95,265,HomeEase
1419,Organic Apple Model 973,593.78,236,TechNova
1420,Organic Apple,177.19,419,SoundMax
1421,Organic Apple,843.99,388,ComfortSit
1422,Water Bottle,443.85,318,FreshFarms
1423,Running Shoes,103.87,30,SoundMax
1424,Water Bottle,103.73,68,GreenLeaf
1425,Organic Apple,171.64,54,TechNova
1426,Bluetooth Headphones Model 690,686.13,82,ElectroVision
1427,Organic Apple Model 869,609.32,309,ComfortSit
1428,Desk Chair,411.61,414,HealthPlus
1429,Backpack,914.74,268,SprintPro
1430,LED TV 42 inch Model 297,455.40,497,BeanBrew
1431,Smartphone,362.00,471,ElectroVision
1432,Organic Apple Model 225,341.36,267,BeanBrew
1433,Backpack,415.31,14,FreshFarms
1434,Coffee Beans 1kg,105.49,42,SoundMax
1435,Water Bottle,499.07,365,BeanBrew
1436,Notebook Model 683,122.93,267,FreshFarms
1437,Water Bottle Model 632,796.63,47,BeanBrew
1438,LED TV 42 inch Model 132,874.30,425,TechNova
1439,Smartphone,852.07,447,ComfortSit
1440,Organic Apple Model 664,377.64,294,TechNova
1441,Coffee Beans 1kg,569.71,500,ElectroVision
1442,Notebook,589.08,345,SoundMax
1443,Desk Chair,287.46,43,SoundMax
1444,LED TV 42 inch,707.88,257,HomeEase
1445,Smartphone,44.06,332,BeanBrew
1446,Notebook,980.34,359,ComfortSit
1447,Bluetooth Headphones Model 425,208.57,352,ComfortSit
1448,LED TV 42 inch,62.66,340,FreshFarms
1449,Bluetooth Headphones,913.93,130,GreenLeaf
1450,LED TV 42 inch,862.67,94,BeanBrew
1451,Smartphone,153.66,112,TechNova
1452,Coffee Beans 1kg,771.83,450,SprintPro
1453,Notebook,698.53,19,ElectroVision
1454,Bluetooth Headphones,580.97,133,GreenLeaf
1455,Water Bottle Model 639,574.15,267,SprintPro
1456,LED TV 42 inch,767.89,79,ComfortSit
1457,Coffee Beans 1kg,622.83,247,TechNova
1458,Desk Chair Model 487,676.01,440,HomeEase
1459,LED TV 42 inch,695.88,81,BeanBrew
1460,Coffee Beans 1kg,58.14,163,HomeEase
1461,Smartphone,39.92,38,GreenLeaf
1462,Bluetooth Headphones,762.06,221,HomeEase
1463,Desk Chair,779.81,211,ComfortSit
1464,Desk Chair,700.56,136,ComfortSit
1465,Organic Apple,742.46,241,BeanBrew
1466,Smartphone Model 948,970.27,265,SprintPro
1467,LED TV 42 inch Model 638,773.77,425,TechNova
1468,Running Shoes Model 339,597.05,148,HealthPlus
1469,Smartphone,689.87,350,TechNova
1470,Bluetooth Headphones Model 442,795.19,294,GreenLeaf
1471,Water Bottle,799.97,67,HealthPlus
1472,Backpack,196.47,106,FreshFarms
1473,Coffee Beans 1kg,712.06,148,ComfortSit
1474,Running Shoes,408.01,27,FreshFarms
1475,Desk Chair Model 758,445.85,238,TechNova
1476,Notebook,31.17,252,FreshFarms
1477,Smartphone Model 576,955.36,368,ComfortSit
1478,Backpack,340.43,428,GreenLeaf
1479,LED TV 42 inch Model 414,278.22,263,ComfortSit
1480,LED TV 42 inch,583.16,228,TechNova
1481,Organic Apple,236.82,68,ComfortSit
1482,LED TV 42 inch Model 310,271.35,342,HealthPlus
1483,Organic Apple,784.93,139,HomeEase
1484,Organic Apple Model 564,327.23,184,BeanBrew
1485,Desk Chair,87.24,458,FreshFarms
1486,Coffee Beans 1kg,102.01,94,FreshFarms
1487,Coffee Beans 1kg,242.90,459,HomeEase
1488,Organic Apple Model 977,247.64,152,HomeEase
1489,Running Shoes Model 323,727.23,88,HealthPlus
1490,Desk Chair,633.05,235,GreenLeaf
1491,Organic Apple Model 872,935.32,478,BeanBrew
1492,Smartphone,859.60,496,SprintPro
1493,Running Shoes,381.36,139,ElectroVision
1494,Desk Chair Model 262,847.46,309,BeanBrew
1495,Bluetooth Headphones,407.95,115,TechNova
1496,Running Shoes,395.38,84,TechNova
1497,Smartphone,48.07,141,FreshFarms
1498,Notebook,955.28,332,HomeEase
1499,Bluetooth Headphones,965.44,416,TechNova
1500,Coffee Beans 1kg,109.26,80,SoundMax
1501,Organic Apple Model 201,681.20,174,ComfortSit
1502,LED TV 42 inch,723.29,5,HomeEase
1503,Smartphone,471.79,377,TechNova
1504,Water Bottle Model 342,421.41,484,FreshFarms
1505,LED TV 42 inch,652.82,241,GreenLeaf
1506,Running Shoes Model 975,321.06,81,SoundMax
1507,Notebook Model 650,705.88,297,FreshFarms
1508,Bluetooth Headphones,687.60,481,BeanBrew
1509,Backpack,341.05,8,ElectroVision
1510,Coffee Beans 1kg,16.63,392,ElectroVision
1511,Bluetooth Headphones,316.47,259,GreenLeaf
1512,Notebook,676.87,206,SoundMax
1513,Notebook,851.99,484,TechNova
1514,Running Shoes,697.97,188,TechNova
1515,LED TV 42 inch Model 222,610.01,487,HomeEase
1516,Smartphone Model 115,699.06,1,FreshFarms
1517,Desk Chair,991.93,93,GreenLeaf
1518,Water Bottle Model 838,499.16,180,HealthPlus
1519,Notebook Model 459,393.49,24,GreenLeaf
1520,Running Shoes,986.68,14,SoundMax
1521,Smartphone,887.45,129,TechNova
1522,Smartphone Model 634,211.28,334,BeanBrew
1523,Bluetooth Headphones,137.24,430,FreshFarms
1524,Backpack Model 583,853.64,500,SoundMax
1525,Bluetooth Headphones,979.07,300,SoundMax
1526,Notebook,782.37,324,ComfortSit
1527,Notebook,606.29,336,BeanBrew
1528,Smartphone Model 464,284.17,497,SprintPro
1529,Bluetooth Headphones,647.62,403,GreenLeaf
1530,Notebook Model 828,682.70,299,GreenLeaf
1531,Smartphone,897.89,86,ComfortSit
1532,Bluetooth Headphones,212.83,188,SoundMax
1533,Smartphone,756.40,81,ElectroVision
1534,Smartphone,760.38,180,FreshFarms
1535,Notebook Model 822,971.30,24,HealthPlus
1536,Running Shoes,736.76,385,SoundMax
1537,Organic Apple,241.31,297,FreshFarms
1538,Water Bottle,859.36,426,HomeEase
1539,Water Bottle,695.65,486,HomeEase
1540,Water Bottle,417.66,407,HomeEase
1541,Running Shoes,855.88,409,SoundMax
1542,Running Shoes,723.16,432,HealthPlus
1543,Organic Apple,740.23,77,SoundMax
1544,Backpack Model 794,134.52,75,HomeEase
1545,Desk Chair,638.53,349,ElectroVision
1546,LED TV 42 inch,354.08,249,TechNova
1547,Smartphone,700.43,307,BeanBrew
1548,Coffee Beans 1kg Model 820,760.32,317,TechNova
1549,Desk Chair,432.42,354,ElectroVision
1550,Backpack Model 258,257.74,126,FreshFarms
1551,Backpack Model 828,342.04,207,ElectroVision
1552,Organic Apple,402.39,430,ElectroVision
1553,Water Bottle,936.19,486,BeanBrew
1554,Organic Apple,806.41,66,HomeEase
1555,Smartphone,555.71,306,BeanBrew
1556,Desk Chair,653.04,409,ComfortSit
1557,Running Shoes,985.27,361,HealthPlus
1558,Bluetooth Headphones Model 685,390.63,216,ElectroVision
1559,Organic Apple,444.35,254,TechNova
1560,Organic Apple,182.84,203,TechNova
1561,Smartphone Model 191,735.26,194,ComfortSit
1562,Bluetooth Headphones,65.99,26,HomeEase
1563,Desk Chair Model 880,422.90,73,ElectroVision
1564,Water Bottle,573.64,328,HomeEase
1565,Running Shoes,584.47,248,SprintPro
1566,LED TV 42 inch Model 505,338.72,204,HealthPlus
1567,Desk Chair,552.30,389,HealthPlus
1568,Smartphone,733.45,410,SoundMax
1569,Notebook Model 937,292.64,151,HomeEase
1570,Organic Apple,33.39,136,BeanBrew
1571,Desk Chair Model 899,312.16,57,ElectroVision
1572,Desk Chair,99.61,480,SoundMax
1573,Backpack,89.04,172,FreshFarms
1574,Coffee Beans 1kg Model 259,123.26,32,HealthPlus
1575,LED TV 42 inch Model 187,443.35,179,TechNova
1576,LED TV 42 inch,275.39,10,SoundMax
1577,LED TV 42 inch,317.26,399,BeanBrew
1578,Desk Chair Model 238,875.79,227,SprintPro
1579,Desk Chair,776.92,459,SprintPro
1580,Smartphone Model 173,43.39,364,TechNova
1581,Desk Chair,384.58,490,SprintPro
1582,Water Bottle,599.12,385,SprintPro
1583,Water Bottle Model 127,200.65,32,SoundMax
1584,Bluetooth Headphones Model 408,869.36,250,GreenLeaf
1585,Bluetooth Headphones,405.65,426,SprintPro
1586,Backpack Model 215,92.14,37,TechNova
1587,Organic Apple,907.69,424,SoundMax
1588,Running Shoes Model 710,665.52,410,HomeEase
1589,Notebook,980.07,405,FreshFarms
1590,Water Bottle,489.50,28,FreshFarms
1591,Running Shoes Model 474,906.84,110,TechNova
1592,Desk Chair,228.72,99,HealthPlus
1593,Smartphone,867.75,196,FreshFarms
1594,Organic Apple,501.26,282,HomeEase
1595,Organic Apple Model 922,914.64,473,HomeEase
1596,Organic Apple,96.73,71,ElectroVision
1597,Smartphone,970.73,88,HealthPlus
1598,Organic Apple Model 480,169.60,235,SoundMax
1599,Smartphone Model 270,781.08,382,FreshFarms
1600,Backpack,211.00,235,BeanBrew
1601,Organic Apple,252.14,348,SoundMax
1602,Organic Apple,559.74,463,BeanBrew
1603,LED TV 42 inch,514.89,302,GreenLeaf
1604,Smartphone,170.37,181,ElectroVision
1605,LED TV 42 inch Model 862,949.16,90,ComfortSit
1606,Notebook,42.90,100,BeanBrew
1607,Coffee Beans 1kg,232.58,354,TechNova
1608,LED TV 42 inch Model 553,413.81,127,ComfortSit
1609,Running Shoes,415.00,203,HomeEase
1610,Smartphone,377.59,127,SoundMax
1611,Organic Apple Model 387,641.71,122,SprintPro
1612,Water Bottle,206.37,104,BeanBrew
1613,Running Shoes Model 919,52.82,69,SprintPro
1614,Desk Chair,293.06,236,BeanBrew
1615,Running Shoes,932.22,223,GreenLeaf
1616,Notebook,819.75,206,ElectroVision
1617,Smartphone Model 459,879.66,232,FreshFarms
1618,Coffee Beans 1kg,230.33,33,HealthPlus
1619,Smartphone,298.61,215,TechNova
1620,Coffee Beans 1kg,910.33,190,SprintPro
1621,Water Bottle Model 594,809.51,378,GreenLeaf
1622,Water Bottle Model 867,818.53,292,HomeEase
1623,Backpack,720.51,135,HealthPlus
1624,Running Shoes,124.34,459,TechNova
1625,Smartphone,925.40,429,HomeEase
1626,Running Shoes Model 586,472.97,56,ElectroVision
1627,Bluetooth Headphones,631.02,149,HomeEase
1628,Organic Apple,682.69,451,GreenLeaf
1629,Backpack Model 984,424.96,465,TechNova
1630,Backpack,401.80,474,HomeEase
1631,Smartphone,458.54,356,HomeEase
1632,LED TV 42 inch Model 394,394.97,460,HomeEase
1633,Water Bottle Model 375,849.12,454,ElectroVision
1634,Notebook,186.20,42,FreshFarms
1635,Desk Chair,231.50,88,GreenLeaf
1636,Bluetooth Headphones,675.41,331,SprintPro
1637,Water Bottle,933.98,205,TechNova
1638,Organic Apple,279.47,441,HealthPlus
1639,Organic Apple,208.81,105,GreenLeaf
1640,Desk Chair,928.74,439,SoundMax
1641,Desk Chair Model 687,248.57,412,HealthPlus
1642,Bluetooth Headphones,573.28,383,HomeEase
1643,Notebook,814.17,272,ElectroVision
1644,LED TV 42 inch,18.18,481,FreshFarms
1645,Desk Chair Model 196,82.42,458,SprintPro
1646,Smartphone Model 125,665.76,57,HealthPlus
1647,Coffee Beans 1kg,360.63,394,HomeEase
1648,Bluetooth Headphones,100.85,89,SprintPro
1649,Organic Apple,891.80,52,ComfortSit
1650,Backpack,998.59,234,HealthPlus
1651,Bluetooth Headphones,52.06,434,SoundMax
1652,Water Bottle,566.14,362,BeanBrew
1653,Running Shoes Model 465,65.00,40,HealthPlus
1654,Water Bottle,156.48,168,SoundMax
1655,Desk Chair Model 586,14.10,102,ElectroVision
1656,Desk Chair,633.23,32,SprintPro
1657,Running Shoes,797.08,353,SprintPro
1658,Backpack,864.49,18,GreenLeaf
1659,Backpack,128.85,95,ComfortSit
1660,Bluetooth Headphones Model 706,745.24,200,HealthPlus
1661,Smartphone,759.55,231,ComfortSit
1662,Water Bottle,164.54,493,FreshFarms
1663,LED TV 42 inch,78.64,433,BeanBrew
1664,Bluetooth Headphones,829.74,434,TechNova
1665,Desk Chair,749.17,212,GreenLeaf
1666,Backpack Model 172,733.34,163,GreenLeaf
1667,Desk Chair,321.36,478,SprintPro
1668,Bluetooth Headphones,598.29,440,BeanBrew
1669,Coffee Beans 1kg,329.98,306,GreenLeaf
1670,Running Shoes,502.62,236,ComfortSit
1671,Smartphone,389.37,60,SoundMax
1672,Backpack Model 892,192.63,192,ComfortSit
1673,Backpack,539.46,356,ElectroVision
1674,Running Shoes,191.40,256,FreshFarms
1675,Desk Chair,644.07,365,SoundMax
1676,Running Shoes,121.76,370,ElectroVision
1677,Coffee Beans 1kg,822.22,432,GreenLeaf
1678,Desk Chair,984.16,494,ComfortSit
1679,Organic Apple,749.70,91,FreshFarms
1680,Backpack,273.14,397,TechNova
1681,Water Bottle Model 225,437.73,433,ElectroVision
1682,Water Bottle,449.54,157,GreenLeaf
1683,Backpack,773.89,370,TechNova
1684,Smartphone,176.44,239,ComfortSit
1685,Water Bottle,634.08,79,ElectroVision
1686,LED TV 42 inch,577.14,355,TechNova
1687,LED TV 42 inch,347.30,163,SprintPro
1688,Smartphone,190.56,497,ComfortSit
1689,Running Shoes,55.33,111,SprintPro
1690,Desk Chair,364.40,94,SprintPro
1691,Desk Chair,390.52,179,SoundMax
1692,LED TV 42 inch Model 113,886.03,302,SoundMax
1693,Water Bottle,1.69,189,HomeEase
1694,Running Shoes Model 121,207.42,119,ElectroVision
1695,Water Bottle,263.25,134,ElectroVision
1696,Notebook,550.76,100,SprintPro
1697,LED TV 42 inch,369.05,337,SprintPro
1698,Bluetooth Headphones Model 632,473.06,48,SoundMax
1699,Smartphone,372.63,417,ElectroVision
1700,Coffee Beans 1kg,183.52,212,FreshFarms
1701,Smartphone Model 284,391.93,205,GreenLeaf
1702,Water Bottle Model 310,1.06,51,TechNova
1703,Smartphone,492.39,432,ComfortSit
1704,Organic Apple,27.48,466,TechNova
1705,Backpack Model 494,457.49,464,TechNova
1706,Notebook,12.97,51,SprintPro
1707,Running Shoes Model 727,480.67,327,ComfortSit
1708,Backpack,95.34,210,GreenLeaf
1709,Running Shoes,727.74,283,GreenLeaf
1710,Organic Apple Model 683,866.32,418,TechNova
1711,Organic Apple,644.40,394,ComfortSit
1712,Backpack,299.89,46,HomeEase
1713,Running Shoes,848.94,163,TechNova
1714,Organic Apple Model 632,638.42,257,HomeEase
1715,Running Shoes Model 113,52.31,400,SoundMax
1716,Notebook Model 977,189.17,372,SoundMax
1717,Coffee Beans 1kg,120.20,161,BeanBrew
1718,LED TV 42 inch,888.68,94,SoundMax
1719,LED TV 42 inch Model 299,919.73,225,ElectroVision
1720,Running Shoes,219.38,455,GreenLeaf
1721,Water Bottle Model 589,71.28,137,GreenLeaf
1722,Desk Chair,245.83,102,HealthPlus
1723,Notebook Model 489,23.74,254,BeanBrew
1724,Organic Apple Model 455,48.30,260,GreenLeaf
1725,LED TV 42 inch Model 740,112.33,459,GreenLeaf
1726,Water Bottle,443.82,458,ComfortSit
1727,Backpack Model 427,93.55,460,TechNova
1728,Smartphone,60.75,409,ComfortSit
1729,Smartphone,784.10,357,SoundMax
1730,Notebook Model 584,700.06,314,SoundMax
1731,Water Bottle,293.66,377,BeanBrew
1732,Coffee Beans 1kg Model 531,531.77,124,GreenLeaf
1733,Bluetooth Headphones,802.88,439,BeanBrew
1734,Desk Chair,332.42,374,GreenLeaf
1735,Desk Chair,75.29,130,FreshFarms
1736,Running Shoes,343.51,34,GreenLeaf
1737,Desk Chair,872.79,131,ComfortSit
1738,Smartphone,58.07,438,ElectroVision
1739,Running Shoes,994.48,131,SprintPro
1740,Coffee Beans 1kg,380.66,407,SprintPro
1741,Bluetooth Headphones,748.67,349,FreshFarms
1742,Coffee Beans 1kg Model 810,582.16,432,SprintPro
1743,Running Shoes,175.68,42,FreshFarms
1744,Organic Apple,939.74,394,HomeEase
1745,Smartphone,693.92,93,HomeEase
1746,Bluetooth Headphones,370.02,448,TechNova
1747,LED TV 42 inch Model 417,898.15,201,HomeEase
1748,Water Bottle Model 746,294.95,98,BeanBrew
1749,Organic Apple Model 675,408.59,158,GreenLeaf
1750,Backpack,111.71,105,ElectroVision
1751,LED TV 42 inch,781.33,445,ComfortSit
1752,Water Bottle,979.44,226,GreenLeaf
1753,Desk Chair Model 677,504.15,300,ComfortSit
1754,Organic Apple Model 531,55.62,490,HealthPlus
1755,Organic Apple Model 612,603.24,342,GreenLeaf
1756,Coffee Beans 1kg,234.59,107,ElectroVision
1757,Desk Chair,193.42,112,FreshFarms
1758,Water Bottle,936.06,477,ComfortSit
1759,Smartphone,553.99,52,TechNova
1760,Desk Chair Model 796,184.88,231,GreenLeaf
1761,Notebook,49.30,383,TechNova
1762,Bluetooth Headphones,745.17,144,TechNova
1763,Notebook Model 651,663.65,26,ComfortSit
1764,Backpack,20.61,268,FreshFarms
1765,Water Bottle Model 518,339.44,293,SprintPro
1766,LED TV 42 inch,948.94,384,SoundMax
1767,Desk Chair,375.74,267,ElectroVision
1768,Notebook Model 668,885.77,99,ComfortSit
1769,Running Shoes Model 130,13.81,254,GreenLeaf
1770,Smartphone,778.21,350,BeanBrew
1771,Water Bottle,603.47,264,HomeEase
1772,LED TV 42 inch Model 130,25.88,106,GreenLeaf
1773,Smartphone,71.42,288,TechNova
1774,Backpack Model 567,511.11,497,SprintPro
1775,Notebook,228.66,23,SprintPro
1776,Organic Apple Model 569,742.97,356,ElectroVision
1777,Backpack,317.90,68,TechNova
1778,Bluetooth Headphones,146.33,337,TechNova
1779,Backpack,243.56,175,HealthPlus
1780,LED TV 42 inch Model 717,304.58,464,SprintPro
1781,Backpack,693.27,56,SprintPro
1782,LED TV 42 inch Model 165,972.35,448,SprintPro
1783,Organic Apple,757.15,473,HealthPlus
1784,Notebook,640.99,302,HealthPlus
1785,Backpack,436.76,215,SprintPro
1786,Desk Chair,247.50,315,BeanBrew
1787,Coffee Beans 1kg Model 384,141.40,15,GreenLeaf
1788,Running Shoes,799.14,232,FreshFarms
1789,LED TV 42 inch,771.37,36,ComfortSit
1790,Water Bottle,580.94,135,FreshFarms
1791,Notebook Model 482,179.62,487,SoundMax
1792,Bluetooth Headphones Model 406,18.99,262,BeanBrew
1793,Notebook,300.46,312,GreenLeaf
1794,Water Bottle,28.50,437,ComfortSit
1795,LED TV 42 inch,117.04,112,BeanBrew
1796,Coffee Beans 1kg,279.20,316,GreenLeaf
1797,Coffee Beans 1kg,562.85,268,TechNova
1798,Desk Chair Model 970,192.01,271,SoundMax
1799,Bluetooth Headphones,82.31,84,TechNova
1800,Desk Chair,18.64,265,SoundMax
1801,Bluetooth Headphones Model 866,975.00,397,FreshFarms
1802,Coffee Beans 1kg Model 768,475.39,429,BeanBrew
1803,Desk Chair,502.29,420,FreshFarms
1804,Desk Chair,487.18,359,GreenLeaf
1805,Organic Apple Model 347,959.76,130,FreshFarms
1806,Desk Chair,369.81,271,ComfortSit
1807,LED TV 42 inch,690.62,61,GreenLeaf
1808,LED TV 42 inch,239.22,201,ComfortSit
1809,LED TV 42 inch,545.43,182,TechNova
1810,Bluetooth Headphones Model 817,994.77,119,TechNova
1811,Backpack,244.44,317,ComfortSit
1812,Water Bottle,101.63,16,GreenLeaf
1813,Water Bottle,80.88,351,HealthPlus
1814,Notebook,8.80,112,ComfortSit
1815,Coffee Beans 1kg,616.30,272,BeanBrew
1816,Desk Chair Model 715,69.15,423,TechNova
1817,Backpack,448.15,78,ComfortSit
1818,LED TV 42 inch,302.11,305,BeanBrew
1819,Running Shoes Model 670,793.61,384,SoundMax
1820,LED TV 42 inch,243.92,64,GreenLeaf
1821,LED TV 42 inch Model 616,40.85,267,ElectroVision
1822,Coffee Beans 1kg,370.51,80,TechNova
1823,Desk Chair Model 883,745.03,139,ElectroVision
1824,Desk Chair,914.37,411,HealthPlus
1825,Backpack,395.28,299,FreshFarms
1826,LED TV 42 inch Model 403,759.22,152,ComfortSit
1827,Smartphone,10.67,352,SoundMax
1828,Running Shoes,650.18,260,HealthPlus
1829,Smartphone,798.72,447,HomeEase
1830,Coffee Beans 1kg Model 248,701.83,439,GreenLeaf
1831,Organic Apple Model 210,747.65,447,ElectroVision
1832,Notebook Model 406,51.14,61,FreshFarms
1833,Water Bottle,218.76,238,BeanBrew
1834,Coffee Beans 1kg Model 252,810.06,428,SoundMax
1835,Water Bottle,892.36,160,SoundMax
1836,Running Shoes,779.16,206,SoundMax
1837,Desk Chair,982.95,142,SoundMax
1838,Organic Apple,52.89,450,BeanBrew
1839,Desk Chair Model 785,109.13,36,ComfortSit
1840,Desk Chair,72.71,281,SoundMax
1841,Coffee Beans 1kg Model 779,837.48,396,ElectroVision
1842,Desk Chair,857.99,15,BeanBrew
1843,Backpack,571.11,33,SprintPro
1844,Smartphone,597.29,478,HomeEase
1845,Water Bottle Model 456,458.03,238,HealthPlus
1846,Notebook Model 154,929.82,8,TechNova
1847,Desk Chair Model 293,554.34,393,HealthPlus
1848,Backpack Model 556,693.67,320,BeanBrew
1849,Running Shoes Model 962,983.37,78,ComfortSit
1850,Desk Chair,375.74,29,SprintPro
1851,Smartphone Model 411,908.55,125,HealthPlus
1852,Notebook Model 835,962.94,162,SoundMax
1853,Desk Chair,626.48,333,TechNova
1854,Notebook,877.44,430,FreshFarms
1855,LED TV 42 inch,43.72,337,SprintPro
1856,Bluetooth Headphones Model 473,834.69,458,TechNova
1857,Running Shoes,765.50,198,TechNova
1858,Water Bottle,302.23,157,TechNova
1859,Desk Chair,916.36,399,SoundMax
1860,Running Shoes Model 121,825.58,137,TechNova
1861,Coffee Beans 1kg,132.78,289,SoundMax
1862,Water Bottle Model 522,245.62,344,ComfortSit
1863,Running Shoes Model 157,446.26,61,TechNova
1864,Notebook Model 404,862.06,70,FreshFarms
1865,Desk Chair,64.64,206,ComfortSit
1866,LED TV 42 inch,646.86,192,SprintPro
1867,Running Shoes,267.20,457,HealthPlus
1868,Backpack Model 956,677.70,236,SprintPro
1869,Coffee Beans 1kg Model 895,731.08,412,FreshFarms
1870,Notebook,766.12,113,ElectroVision
1871,Smartphone,653.50,113,SoundMax
1872,Coffee Beans 1kg,891.39,56,ComfortSit
1873,Smartphone,940.21,17,HomeEase
1874,Backpack,710.69,495,FreshFarms
1875,Organic Apple,556.41,340,SoundMax
1876,LED TV 42 inch,204.19,57,GreenLeaf
1877,Coffee Beans 1kg,596.43,249,HomeEase
1878,Notebook,341.86,108,ElectroVision
1879,Smartphone,1000.00,224,ElectroVision
1880,Water Bottle Model 549,250.53,22,ElectroVision
1881,Backpack,222.19,339,ComfortSit
1882,Smartphone,248.18,283,ComfortSit
1883,Smartphone,855.54,380,SprintPro
1884,Notebook,834.11,386,HomeEase
1885,LED TV 42 inch Model 569,798.93,245,SoundMax
1886,Desk Chair,887.25,77,FreshFarms
1887,Backpack,441.75,394,BeanBrew
1888,Running Shoes,904.56,323,SprintPro
1889,Water Bottle,915.07,303,BeanBrew
1890,Organic Apple,768.78,421,TechNova
1891,LED TV 42 inch,895.15,136,ComfortSit
1892,Bluetooth Headphones Model 896,238.88,188,ElectroVision
1893,Water Bottle,81.77,458,FreshFarms
1894,LED TV 42 inch,329.41,38,ComfortSit
1895,Backpack Model 418,315.97,168,ComfortSit
1896,Organic Apple,992.10,345,ElectroVision
1897,Bluetooth Headphones,274.22,336,BeanBrew
1898,Desk Chair Model 142,545.57,458,ComfortSit
1899,Smartphone Model 860,879.17,101,TechNova
1900,Running Shoes,242.08,408,FreshFarms
1901,LED TV 42 inch,836.37,193,ElectroVision
1902,LED TV 42 inch Model 369,431.33,399,FreshFarms
1903,Running Shoes,54.06,464,GreenLeaf
1904,Organic Apple,930.23,89,HealthPlus
1905,Notebook Model 160,588.88,384,HomeEase
1906,Bluetooth Headphones,196.73,121,SprintPro
1907,LED TV 42 inch,5.59,237,BeanBrew
1908,Notebook,1.48,175,ElectroVision
1909,Smartphone,481.35,355,HomeEase
1910,Smartphone,483.70,27,TechNova
1911,Running Shoes,499.83,94,FreshFarms
1912,Desk Chair,617.75,103,SprintPro
1913,Coffee Beans 1kg,942.91,75,SprintPro
1914,Notebook,539.22,49,SprintPro
1915,Backpack,615.67,44,ComfortSit
1916,Backpack,501.62,39,HealthPlus
1917,Backpack,369.76,241,TechNova
1918,LED TV 42 inch,635.83,266,TechNova
1919,Backpack,193.29,292,ComfortSit
1920,Coffee Beans 1kg Model 176,574.10,58,FreshFarms
1921,Coffee Beans 1kg Model 723,855.08,345,HealthPlus
1922,Water Bottle,865.05,167,SprintPro
1923,Coffee Beans 1kg,918.47,402,BeanBrew
1924,Coffee Beans 1kg Model 693,953.40,480,TechNova
1925,LED TV 42 inch,15.36,42,SoundMax
1926,Organic Apple,127.73,153,ComfortSit
1927,Backpack,84.68,358,GreenLeaf
1928,LED TV 42 inch,322.45,346,SoundMax
1929,Backpack,903.94,29,TechNova
1930,Notebook,767.04,283,BeanBrew
1931,Running Shoes Model 721,770.56,488,SoundMax
1932,Water Bottle,189.16,346,HealthPlus
1933,Backpack,21.64,451,HomeEase
1934,Coffee Beans 1kg Model 117,59.99,224,HealthPlus
1935,Water Bottle,845.71,280,BeanBrew
1936,Water Bottle Model 703,874.11,120,GreenLeaf
1937,LED TV 42 inch,585.81,498,SoundMax
1938,LED TV 42 inch Model 563,551.78,249,FreshFarms
1939,Running Shoes Model 180,891.41,201,SoundMax
1940,Running Shoes,811.64,369,HomeEase
1941,Backpack,9.82,419,TechNova
1942,Backpack,948.29,79,ElectroVision
1943,Backpack,655.99,447,BeanBrew
1944,Notebook,926.10,175,GreenLeaf
1945,Running Shoes,909.09,292,BeanBrew
1946,LED TV 42 inch,988.54,397,FreshFarms
1947,Coffee Beans 1kg,522.85,50,GreenLeaf
1948,Notebook,405.14,337,SoundMax
1949,Bluetooth Headphones Model 339,655.16,56,FreshFarms
1950,Coffee Beans 1kg,388.04,193,SprintPro
1951,Desk Chair,799.30,248,GreenLeaf
1952,Desk Chair,861.93,281,SoundMax
1953,Bluetooth Headphones,311.55,220,BeanBrew
1954,LED TV 42 inch,577.50,139,HealthPlus
1955,Coffee Beans 1kg,390.90,223,GreenLeaf
1956,Notebook,439.12,301,HealthPlus
1957,Running Shoes,34.77,20,SprintPro
1958,Running Shoes Model 886,422.83,237,HomeEase
1959,Backpack,316.69,299,TechNova
1960,Coffee Beans 1kg,287.08,320,FreshFarms
1961,Water Bottle,92.86,251,GreenLeaf
1962,Notebook,177.17,39,ElectroVision
1963,Bluetooth Headphones Model 596,849.42,85,FreshFarms
1964,Organic Apple,193.14,81,HomeEase
1965,Water Bottle,771.32,433,SprintPro
1966,Desk Chair Model 105,882.94,266,BeanBrew
1967,LED TV 42 inch,990.05,405,GreenLeaf
1968,Desk Chair,197.45,154,ComfortSit
1969,LED TV 42 inch,923.23,70,HealthPlus
1970,Notebook,483.08,93,SoundMax
1971,Notebook,797.78,293,BeanBrew
1972,Notebook,878.57,429,SoundMax
1973,Organic Apple,876.88,464,HealthPlus
1974,Bluetooth Headphones,292.03,257,BeanBrew
1975,Water Bottle Model 260,327.03,19,GreenLeaf
1976,Notebook,940.09,231,HealthPlus
1977,Bluetooth Headphones,207.29,224,TechNova
1978,Bluetooth Headphones,387.92,460,BeanBrew
1979,Coffee Beans 1kg Model 280,820.95,27,FreshFarms
1980,Smartphone Model 706,93.64,20,SprintPro
1981,Desk Chair,330.25,228,HealthPlus
1982,Desk Chair Model 357,585.74,158,FreshFarms
1983,Notebook,396.87,404,GreenLeaf
1984,Notebook,493.05,154,FreshFarms
1985,Coffee Beans 1kg Model 736,242.72,340,SoundMax
1986,Coffee Beans 1kg,311.55,448,GreenLeaf
1987,Backpack,423.57,236,GreenLeaf
1988,LED TV 42 inch,353.07,337,ElectroVision
1989,LED TV 42 inch Model 687,796.56,173,SoundMax
1990,LED TV 42 inch,716.23,369,ElectroVision
1991,Running Shoes,101.37,115,HealthPlus
1992,Running Shoes,323.48,133,HomeEase
1993,Desk Chair,17.18,10,TechNova
1994,Water Bottle Model 702,525.28,56,ElectroVision
1995,Backpack,417.06,461,BeanBrew
1996,Desk Chair,169.48,107,TechNova
1997,Running Shoes Model 137,311.92,292,FreshFarms
1998,Water Bottle,21.40,369,ElectroVision
1999,Coffee Beans 1kg,385.29,458,GreenLeaf
2000,Bluetooth Headphones,968.80,161,FreshFarms
